WAREHOUSE_CODE,CENTRAL_PINCODE,delivery_type,count,logistics_cost
21.0,423.0,rapid,69235,38.88550276603696
24.0,0.0,rapid,57503,34.88823453068311
25.0,251.0,rapid,44344,35.234551561043595
21.0,423.0,non_rapid,30047,26.77561159317128
19.0,542.0,rapid,25906,31.212980019105093
32.0,3.0,rapid,25728,55.15963562542452
24.0,0.0,non_rapid,23458,25.512173327684486
42.0,381.0,rapid,22561,44.68040018390625
25.0,251.0,non_rapid,17413,27.62838665358237
24.0,85.0,rapid,17136,41.13890927673905
42.0,381.0,non_rapid,16303,44.28519182247392
28.0,464.0,rapid,12703,36.567759233815565
19.0,542.0,non_rapid,12495,25.435201226358004
20.0,115.0,rapid,11535,35.431347004279885
25.0,267.0,rapid,11153,31.066985181069235
24.0,84.0,rapid,10943,43.22750511305004
25.0,253.0,rapid,9246,34.65513181312576
32.0,3.0,non_rapid,8136,29.21114769812345
28.0,464.0,non_rapid,7670,35.970545769284044
25.0,253.0,non_rapid,6779,27.67870948585712
16.0,184.0,rapid,6771,42.05588241573889
25.0,267.0,non_rapid,6586,30.976066991870056
24.0,85.0,non_rapid,6440,29.149724961610705
13.0,3.0,rapid,6399,32.85046229073433
20.0,115.0,non_rapid,5656,26.926749764816275
15.0,310.0,rapid,5113,37.71944071185764
24.0,2.0,rapid,4976,39.62542578368285
24.0,84.0,non_rapid,4834,26.712902828467207
25.0,254.0,rapid,4619,38.0706282850778
24.0,0.0,non_rapid,4210,38.45906281078241
47.0,584.0,non_rapid,3849,33.46994086322885
12.0,621.0,rapid,3496,41.20915540339392
22.0,0.0,rapid,3487,25.89285774818409
13.0,3.0,non_rapid,3369,29.72867810880833
19.0,546.0,rapid,3336,35.9679536034642
19.0,699.0,non_rapid,3314,35.25928894806932
24.0,0.0,rapid,3206,44.460756471716174
20.0,96.0,rapid,2993,33.22335171696133
43.0,3.0,rapid,2900,38.2220915153761
47.0,584.0,rapid,2863,34.287773550724765
5.0,0.0,rapid,2851,27.768836446816675
30.0,542.0,rapid,2837,25.363687267312063
24.0,86.0,rapid,2795,46.89674279379161
30.0,542.0,non_rapid,2750,25.4202158330052
16.0,184.0,non_rapid,2663,30.383144043171377
24.0,2.0,non_rapid,2449,31.919314016172564
21.0,464.0,non_rapid,2421,35.572100881057274
15.0,310.0,non_rapid,2054,30.402145281018115
25.0,251.0,rapid,1998,55.729415966386384
24.0,3.0,non_rapid,1850,27.117631726457425
25.0,254.0,non_rapid,1790,27.78902999400117
21.0,423.0,non_rapid,1766,47.28687622549021
19.0,546.0,non_rapid,1685,30.45514231014681
19.0,699.0,rapid,1497,35.24344720056694
21.0,423.0,rapid,1481,47.26155894590843
31.0,84.0,rapid,1454,27.617779985283324
2.0,3.0,rapid,1398,51.07365795541891
32.0,3.0,non_rapid,1387,43.349580228136965
12.0,621.0,non_rapid,1386,37.38026953125002
22.0,0.0,non_rapid,1359,26.744802683504343
20.0,96.0,non_rapid,1315,33.23907160493825
24.0,86.0,non_rapid,1274,37.06781872340427
5.0,0.0,non_rapid,1214,27.9956263537906
32.0,26.0,non_rapid,1186,51.234375
15.0,310.0,non_rapid,1161,7.623479475982528
32.0,26.0,rapid,1150,51.11793206521739
20.0,105.0,non_rapid,1148,40.07532956685499
19.0,548.0,rapid,1103,31.172189035916784
31.0,84.0,non_rapid,1074,26.81636363636364
19.0,542.0,non_rapid,1049,73.38662058212064
4.0,85.0,rapid,1010,25.443669102296447
19.0,733.0,non_rapid,999,37.34999363732763
11.0,3.0,rapid,992,54.55130434782609
1.0,3.0,rapid,937,47.27645276497696
32.0,18.0,rapid,891,35.12266355140187
19.0,548.0,non_rapid,883,29.253975903614418
32.0,54.0,non_rapid,864,51.0
19.0,734.0,non_rapid,860,37.19875492610831
23.0,2.0,rapid,828,34.10480100755667
19.0,582.0,rapid,823,25.2488475452196
14.0,84.0,rapid,822,25.38657687420582
6.0,3.0,rapid,807,41.59574611398964
32.0,54.0,rapid,793,51.1358189081225
20.0,105.0,rapid,782,40.21534320323015
20.0,108.0,non_rapid,777,30.174995907230567
32.0,31.0,non_rapid,769,51.0
42.0,383.0,rapid,744,43.46830598052853
19.0,554.0,non_rapid,741,50.63413489736069
32.0,17.0,rapid,740,35.09873060648801
20.0,108.0,rapid,729,30.052000000000007
43.0,3.0,non_rapid,718,29.106707275803707
12.0,620.0,rapid,700,39.97866911764704
4.0,85.0,non_rapid,696,25.592004622496123
25.0,251.0,non_rapid,683,56.53431891025642
29.0,3.0,rapid,682,50.58205504587156
24.0,2.0,rapid,678,38.4093553846154
39.0,3.0,rapid,666,47.596146831530135
47.0,588.0,non_rapid,647,41.44297444633728
42.0,383.0,non_rapid,634,43.24023960066558
28.0,468.0,rapid,630,35.30049261083744
19.0,552.0,non_rapid,623,50.64146140651797
32.0,31.0,rapid,618,51.08793103448276
42.0,381.0,non_rapid,601,89.55721354166661
20.0,115.0,non_rapid,567,69.9003549618321
36.0,3.0,rapid,564,44.672625
47.0,588.0,rapid,549,40.53944801512287
19.0,542.0,rapid,547,77.57988446969699
40.0,3.0,rapid,530,47.897612631578944
19.0,548.0,non_rapid,498,51.00644591611476
32.0,3.0,rapid,494,49.90924894514775
19.0,582.0,non_rapid,484,25.388251748251733
32.0,21.0,non_rapid,477,51.1156462585034
19.0,551.0,non_rapid,475,50.78929705215416
15.0,310.0,rapid,461,22.283558035714275
32.0,18.0,non_rapid,457,35.08293838862559
24.0,85.0,rapid,454,55.38908924485128
24.0,85.0,non_rapid,451,55.31199515738501
28.0,464.0,non_rapid,444,104.49225964010284
24.0,87.0,rapid,427,39.19037100737101
32.0,17.0,non_rapid,418,35.18181818181818
31.0,0.0,rapid,412,30.745124309392256
24.0,84.0,non_rapid,406,50.86002445652172
16.0,184.0,non_rapid,404,50.33796143250687
27.0,3.0,rapid,396,66.41004076086956
25.0,253.0,non_rapid,374,57.56282253521127
32.0,21.0,rapid,369,51.28732394366197
28.0,468.0,non_rapid,368,35.1
31.0,0.0,non_rapid,368,36.092430340557264
47.0,585.0,non_rapid,360,47.28789825581396
28.0,469.0,non_rapid,345,38.98355063291139
19.0,733.0,rapid,345,37.15300000000001
32.0,19.0,rapid,328,35.111111111111114
24.0,2.0,non_rapid,322,27.398727941176467
4.0,86.0,rapid,320,43.06465032679736
28.0,469.0,rapid,319,71.19758496732025
12.0,620.0,non_rapid,316,36.235905923344944
19.0,734.0,rapid,313,37.153000000000006
44.0,84.0,rapid,305,41.68671180555556
24.0,84.0,rapid,299,51.25069580419581
42.0,381.0,rapid,297,94.4008576388889
20.0,95.0,rapid,294,33.29548928571428
19.0,545.0,rapid,294,28.45392446043166
25.0,267.0,rapid,288,73.21132733812948
32.0,20.0,non_rapid,286,35.129629629629626
47.0,584.0,non_rapid,284,59.29928076923076
32.0,20.0,rapid,283,35.264150943396224
0.0,85.0,rapid,268,43.62666279069767
19.0,544.0,non_rapid,266,25.810045454545463
19.0,545.0,non_rapid,264,26.986204081632664
20.0,115.0,rapid,263,68.62991566265056
12.0,619.0,rapid,255,40.42679918032788
23.0,2.0,non_rapid,244,40.97370952380952
32.0,19.0,non_rapid,242,35.158371040723985
26.0,0.0,rapid,239,47.130306976744194
4.0,86.0,non_rapid,232,42.57776744186046
32.0,24.0,rapid,225,35.32710280373832
17.0,733.0,non_rapid,221,37.50350000000001
24.0,2.0,rapid,211,69.65851758793973
28.0,466.0,rapid,209,35.0
25.0,253.0,rapid,208,61.05662871287129
32.0,24.0,non_rapid,208,35.0
28.0,464.0,rapid,206,95.094195
41.0,3.0,rapid,204,41.15297590361446
19.0,552.0,rapid,198,50.55999999999999
25.0,260.0,rapid,192,36.93919565217392
17.0,734.0,non_rapid,191,37.35826519337018
14.0,84.0,non_rapid,185,25.31165243902439
18.0,184.0,rapid,183,30.097422535211276
24.0,2.0,non_rapid,173,70.21524516129031
28.0,466.0,non_rapid,168,35.0
19.0,554.0,rapid,163,50.88831168831168
8.0,2.0,rapid,162,51.977987421383645
24.0,87.0,non_rapid,158,25.5308843537415
19.0,544.0,rapid,158,25.82233333333334
19.0,551.0,rapid,151,50.9086896551724
19.0,543.0,non_rapid,149,25.15800000000001
19.0,735.0,non_rapid,148,37.67628169014085
21.0,426.0,non_rapid,145,16.028328358208956
35.0,3.0,rapid,144,43.75532478632479
25.0,267.0,non_rapid,138,72.0016
6.0,3.0,non_rapid,137,37.002164835164834
19.0,549.0,non_rapid,128,50.56
25.0,254.0,non_rapid,121,54.67700000000001
16.0,184.0,rapid,120,50.06902654867257
19.0,577.0,non_rapid,120,25.158000000000005
19.0,546.0,non_rapid,119,59.86950476190477
32.0,56.0,non_rapid,116,51.0
19.0,580.0,rapid,112,25.158000000000005
19.0,579.0,rapid,108,25.158000000000005
21.0,469.0,non_rapid,103,36.70882291666667
2.0,3.0,non_rapid,102,36.60763157894737
24.0,86.0,non_rapid,101,60.57123529411764
19.0,577.0,rapid,101,25.158
12.0,619.0,non_rapid,99,34.80797826086957
21.0,468.0,non_rapid,99,35.0
7.0,2.0,rapid,98,41.413978494623656
12.0,621.0,non_rapid,97,73.6755340909091
25.0,254.0,rapid,97,55.17700000000001
41.0,3.0,non_rapid,88,29.769148648648653
20.0,95.0,non_rapid,85,33.17700000000001
25.0,260.0,non_rapid,85,28.36297058823529
32.0,56.0,rapid,84,51.0
1.0,3.0,non_rapid,78,29.91887878787879
19.0,305.0,rapid,78,25.49797297297297
38.0,2.0,rapid,77,46.333333333333336
24.0,3.0,rapid,76,25.895647887323943
19.0,546.0,rapid,74,59.255275362318855
30.0,544.0,non_rapid,72,25.78169565217392
19.0,548.0,non_rapid,71,62.31803125000001
26.0,0.0,non_rapid,71,47.15763636363637
20.0,96.0,non_rapid,71,65.0
35.0,3.0,non_rapid,69,31.695203703703697
3.0,139.0,rapid,69,48.35032786885246
0.0,85.0,non_rapid,67,28.509788461538463
24.0,86.0,rapid,67,62.21785074626865
30.0,545.0,non_rapid,64,27.78850909090909
40.0,3.0,non_rapid,57,32.606541666666665
24.0,1.0,rapid,56,29.53416
19.0,735.0,rapid,56,37.86748076923077
30.0,545.0,rapid,55,25.95494444444445
47.0,585.0,rapid,48,35.468375
19.0,547.0,rapid,48,54.80933333333334
28.0,465.0,non_rapid,48,35.0
25.0,0.0,rapid,47,30.826916666666666
19.0,548.0,rapid,46,50.56
44.0,84.0,non_rapid,45,26.70978125
19.0,543.0,rapid,45,25.158
11.0,3.0,non_rapid,45,40.95266666666666
42.0,391.0,non_rapid,44,44.70455813953488
24.0,3.0,rapid,43,36.9403125
24.0,3.0,non_rapid,42,26.622107142857143
17.0,735.0,non_rapid,41,37.153000000000006
19.0,734.0,non_rapid,41,37.153
19.0,580.0,non_rapid,40,25.158
33.0,3.0,non_rapid,39,31.346967741935487
4.0,87.0,rapid,39,27.95720588235294
19.0,579.0,non_rapid,39,25.158
33.0,3.0,rapid,39,43.37081578947368
12.0,621.0,rapid,39,73.75010526315789
19.0,305.0,non_rapid,35,25.158
24.0,251.0,rapid,35,37.19660714285715
10.0,3.0,non_rapid,34,33.47863636363636
19.0,549.0,rapid,34,50.56
21.0,426.0,rapid,33,36.5513870967742
42.0,411.0,non_rapid,33,45.228413793103456
4.0,87.0,non_rapid,32,24.28646875
42.0,421.0,non_rapid,32,45.056
21.0,0.0,non_rapid,32,27.73607692307693
19.0,423.0,non_rapid,32,25.158
24.0,2.0,non_rapid,31,65.19700000000002
21.0,381.0,non_rapid,31,24.85168965517241
21.0,251.0,non_rapid,31,28.111615384615387
8.0,2.0,non_rapid,31,58.9096
39.0,3.0,non_rapid,30,37.6526
25.0,423.0,rapid,30,32.894217391304345
21.0,466.0,non_rapid,30,35.0
30.0,544.0,rapid,29,26.69496428571429
10.0,3.0,rapid,29,63.307125000000006
42.0,410.0,non_rapid,28,44.69685714285715
19.0,548.0,rapid,28,62.66821428571429
19.0,582.0,non_rapid,28,84.03422222222223
19.0,547.0,non_rapid,28,55.77607407407408
21.0,415.0,non_rapid,27,26.04127272727273
24.0,2.0,rapid,27,65.19700000000002
42.0,420.0,non_rapid,27,45.05599999999999
28.0,465.0,rapid,27,35.0
25.0,0.0,non_rapid,27,27.4316
42.0,413.0,non_rapid,27,44.28246153846154
36.0,3.0,non_rapid,26,42.689375
47.0,585.0,non_rapid,26,55.06561538461539
21.0,397.0,non_rapid,25,29.37775
25.0,267.0,non_rapid,25,27.2709
19.0,736.0,non_rapid,25,37.153
24.0,423.0,rapid,25,43.44388235294118
24.0,423.0,non_rapid,25,23.992368421052632
27.0,3.0,non_rapid,24,34.978235294117646
42.0,390.0,non_rapid,24,43.38
24.0,251.0,non_rapid,24,35.17227777777778
7.0,2.0,non_rapid,24,42.93855555555555
21.0,401.0,non_rapid,24,25.579043478260868
19.0,545.0,non_rapid,23,64.88813636363635
42.0,423.0,non_rapid,23,44.141818181818174
21.0,463.0,non_rapid,22,24.9738
42.0,415.0,non_rapid,22,45.29409523809524
37.0,85.0,rapid,22,66.625
3.0,139.0,non_rapid,21,90.40525
21.0,403.0,non_rapid,21,25.4595
19.0,577.0,non_rapid,21,83.67519999999999
28.0,468.0,non_rapid,20,133.4702105263158
19.0,542.0,non_rapid,20,47.416315789473686
24.0,1.0,non_rapid,20,23.605888888888884
42.0,417.0,non_rapid,19,44.830666666666666
32.0,0.0,non_rapid,19,35.21264705882353
18.0,184.0,non_rapid,19,30.093333333333337
20.0,3.0,non_rapid,19,31.390777777777775
42.0,406.0,non_rapid,19,45.056
42.0,420.0,rapid,19,44.94484210526316
20.0,115.0,non_rapid,19,25.139
25.0,381.0,non_rapid,19,27.40533333333333
16.0,182.0,rapid,19,48.583
28.0,423.0,non_rapid,18,37.76275
25.0,229.0,rapid,18,29.9751875
21.0,411.0,non_rapid,18,24.107333333333333
19.0,423.0,non_rapid,18,36.86482352941177
21.0,464.0,rapid,18,35.0
25.0,423.0,non_rapid,18,27.61642857142857
25.0,310.0,rapid,18,35.319857142857146
21.0,267.0,rapid,18,35.317375
42.0,393.0,non_rapid,17,42.09505882352942
25.0,542.0,rapid,17,31.382384615384616
47.0,423.0,non_rapid,17,38.04305882352941
19.0,423.0,rapid,17,30.15800000000001
21.0,251.0,rapid,17,37.02746666666667
21.0,414.0,non_rapid,17,26.098470588235298
21.0,403.0,rapid,16,41.5015
42.0,409.0,non_rapid,16,44.04853333333334
24.0,267.0,non_rapid,16,23.988769230769236
25.0,267.0,rapid,16,28.924000000000003
25.0,310.0,non_rapid,16,28.02063636363636
21.0,397.0,rapid,16,33.7998125
42.0,411.0,rapid,16,44.71893333333333
42.0,383.0,non_rapid,16,15.014
21.0,542.0,non_rapid,16,24.099307692307686
21.0,0.0,rapid,15,42.05675
29.0,3.0,non_rapid,15,32.999700000000004
28.0,469.0,non_rapid,14,99.75642857142856
24.0,267.0,rapid,14,28.867363636363635
19.0,559.0,non_rapid,13,50.56000000000001
28.0,520.0,non_rapid,13,35.0
25.0,276.0,non_rapid,13,30.094416666666664
21.0,464.0,non_rapid,13,24.21166666666667
24.0,3.0,non_rapid,13,32.4513076923077
38.0,2.0,non_rapid,13,63.41666666666666
19.0,560.0,non_rapid,13,50.56
21.0,442.0,non_rapid,13,24.003
24.0,87.0,non_rapid,12,49.3645
42.0,396.0,non_rapid,12,40.866
19.0,733.0,non_rapid,12,37.153
32.0,115.0,rapid,12,52.157833333333336
24.0,96.0,rapid,12,31.84441666666667
21.0,520.0,non_rapid,12,24.116818181818186
42.0,423.0,rapid,12,44.141818181818174
21.0,699.0,non_rapid,11,24.28754545454545
42.0,254.0,non_rapid,11,43.22763636363637
21.0,267.0,non_rapid,11,26.12663636363636
21.0,439.0,non_rapid,11,24.003
21.0,436.0,non_rapid,11,24.28754545454545
32.0,18.0,non_rapid,11,35.0
42.0,415.0,rapid,11,45.05599999999999
19.0,251.0,rapid,11,28.015142857142852
32.0,17.0,non_rapid,11,35.0
32.0,0.0,rapid,11,35.532000000000004
42.0,386.0,non_rapid,11,45.056
42.0,392.0,non_rapid,11,43.22763636363636
13.0,0.0,non_rapid,11,25.5379
21.0,432.0,non_rapid,11,24.0656
24.0,699.0,rapid,10,37.26611111111111
19.0,0.0,non_rapid,10,41.90560000000001
21.0,406.0,non_rapid,10,24.1282
20.0,85.0,non_rapid,10,30.765600000000006
25.0,240.0,rapid,10,27.3609
30.0,577.0,non_rapid,10,25.158000000000005
25.0,295.0,non_rapid,10,30.0
21.0,542.0,rapid,10,33.589666666666666
21.0,463.0,rapid,10,51.0264
19.0,542.0,rapid,10,43.04290000000001
21.0,434.0,non_rapid,10,24.190800000000003
42.0,401.0,rapid,10,45.056
24.0,96.0,non_rapid,10,23.667800000000003
25.0,84.0,non_rapid,10,27.156777777777776
28.0,466.0,non_rapid,9,159.965
21.0,588.0,non_rapid,9,24.072555555555557
42.0,401.0,non_rapid,9,45.681
25.0,115.0,non_rapid,9,27.510111111111108
42.0,388.0,non_rapid,9,45.056
42.0,383.0,rapid,9,120.69144444444444
21.0,737.0,non_rapid,9,27.030999999999995
24.0,0.0,rapid,9,32.047375
21.0,421.0,non_rapid,9,28.10022222222222
20.0,423.0,non_rapid,9,34.58928571428571
19.0,699.0,non_rapid,9,27.37155555555556
25.0,289.0,non_rapid,9,30.05825
32.0,267.0,rapid,9,41.42857142857143
21.0,96.0,non_rapid,9,24.072555555555557
21.0,731.0,non_rapid,9,24.07255555555556
24.0,542.0,rapid,9,36.532
24.0,464.0,rapid,9,32.432875
25.0,229.0,non_rapid,9,27.169571428571427
21.0,535.0,non_rapid,9,27.48775
19.0,554.0,rapid,9,37.658
32.0,20.0,non_rapid,9,35.0
42.0,421.0,rapid,9,45.05599999999999
24.0,87.0,rapid,8,47.97075
21.0,420.0,non_rapid,8,24.107333333333333
42.0,251.0,non_rapid,8,43.0448
21.0,3.0,non_rapid,8,24.107333333333333
25.0,542.0,non_rapid,8,27.503
24.0,310.0,rapid,8,43.99425
42.0,387.0,non_rapid,8,42.542
19.0,544.0,non_rapid,8,75.519
37.0,85.0,non_rapid,8,24.1576
24.0,146.0,non_rapid,8,23.800714285714285
12.0,620.0,non_rapid,8,74.9808
21.0,465.0,non_rapid,8,35.0
25.0,85.0,rapid,8,29.93975
28.0,468.0,rapid,8,142.056125
24.0,253.0,non_rapid,8,24.363666666666663
20.0,423.0,rapid,8,58.29533333333334
19.0,735.0,non_rapid,8,37.153
21.0,425.0,rapid,8,47.33433333333334
21.0,413.0,non_rapid,8,24.08125
42.0,390.0,rapid,8,40.028
21.0,3.0,rapid,8,31.784125
21.0,410.0,non_rapid,7,24.09242857142857
15.0,423.0,non_rapid,7,30.12357142857143
24.0,0.0,non_rapid,7,34.70585714285715
21.0,108.0,non_rapid,7,26.557
25.0,115.0,rapid,7,33.3055
25.0,0.0,non_rapid,7,55.177
28.0,251.0,rapid,7,35.0
21.0,454.0,non_rapid,7,24.271285714285717
24.0,89.0,rapid,7,47.23783333333333
25.0,301.0,non_rapid,7,27.62014285714285
19.0,3.0,rapid,7,25.158
17.0,736.0,non_rapid,7,37.153
25.0,381.0,rapid,7,34.6475
24.0,548.0,rapid,7,26.166666666666668
28.0,517.0,non_rapid,7,35.0
21.0,452.0,non_rapid,7,24.003000000000004
16.0,3.0,non_rapid,7,30.183571428571437
24.0,127.0,non_rapid,7,33.913428571428575
28.0,494.0,non_rapid,7,35.0
20.0,0.0,rapid,7,33.573
42.0,295.0,rapid,7,45.056
20.0,95.0,non_rapid,7,65.0
42.0,422.0,non_rapid,7,45.056
42.0,396.0,rapid,7,45.77028571428571
42.0,251.0,rapid,7,45.056
24.0,253.0,rapid,7,32.03042857142857
25.0,240.0,non_rapid,7,27.1575
30.0,730.0,non_rapid,7,25.158
21.0,711.0,rapid,7,49.000857142857136
21.0,295.0,non_rapid,7,31.663857142857147
32.0,251.0,non_rapid,7,40.4905
19.0,251.0,non_rapid,6,31.350166666666667
21.0,115.0,non_rapid,6,24.003
16.0,184.0,non_rapid,6,30.12
42.0,413.0,rapid,6,45.05599999999999
21.0,240.0,rapid,6,24.003
25.0,184.0,non_rapid,6,27.177000000000003
24.0,464.0,non_rapid,6,24.24533333333333
21.0,532.0,non_rapid,6,24.003
21.0,584.0,rapid,6,24.003
19.0,0.0,non_rapid,6,25.158
42.0,414.0,non_rapid,6,45.056
24.0,54.0,rapid,6,41.973000000000006
42.0,542.0,non_rapid,6,41.704
12.0,619.0,non_rapid,6,70.84516666666666
32.0,251.0,rapid,6,45.16866666666667
21.0,462.0,rapid,6,52.0006
19.0,543.0,non_rapid,6,97.497
24.0,548.0,rapid,6,57.08033333333333
21.0,469.0,non_rapid,6,29.32733333333333
21.0,383.0,non_rapid,6,24.107333333333333
24.0,87.0,non_rapid,6,24.0
19.0,736.0,rapid,6,37.153
42.0,410.0,rapid,6,45.05599999999999
30.0,423.0,non_rapid,6,25.158
28.0,381.0,rapid,6,40.9
24.0,116.0,non_rapid,6,27.81833333333334
32.0,423.0,non_rapid,6,51.0
15.0,323.0,rapid,6,36.444
21.0,437.0,rapid,6,50.40725
19.0,584.0,non_rapid,6,25.158
20.0,251.0,rapid,6,27.97233333333333
21.0,429.0,non_rapid,6,24.253400000000003
21.0,699.0,rapid,6,47.43866666666667
25.0,383.0,non_rapid,6,27.345
21.0,115.0,rapid,6,30.25316666666667
47.0,423.0,rapid,6,33.09666666666667
25.0,0.0,rapid,6,55.177
21.0,409.0,non_rapid,6,24.107333333333333
25.0,278.0,non_rapid,6,30.4532
47.0,542.0,non_rapid,6,40.2306
24.0,374.0,non_rapid,6,24.129
19.0,0.0,rapid,5,35.158
21.0,251.0,rapid,5,43.867
24.0,381.0,non_rapid,5,23.697
25.0,289.0,rapid,5,27.164
21.0,527.0,rapid,5,24.003
28.0,498.0,non_rapid,5,40.9
25.0,748.0,non_rapid,5,27.151
25.0,444.0,rapid,5,27.4225
19.0,733.0,rapid,5,33.158
42.0,391.0,rapid,5,43.4448
21.0,538.0,non_rapid,5,24.003
19.0,735.0,non_rapid,5,37.153
21.0,447.0,rapid,5,45.1264
24.0,229.0,non_rapid,5,24.798
19.0,3.0,non_rapid,5,25.158
25.0,184.0,rapid,5,31.9075
25.0,251.0,non_rapid,5,30.75533333333333
19.0,184.0,non_rapid,5,25.158
13.0,423.0,rapid,5,31.5985
25.0,268.0,non_rapid,5,30.2266
25.0,276.0,non_rapid,5,27.378599999999995
24.0,0.0,non_rapid,5,36.3206
19.0,554.0,non_rapid,5,25.158
19.0,730.0,rapid,5,29.158000000000005
42.0,0.0,non_rapid,5,45.056
28.0,514.0,non_rapid,5,35.0
21.0,533.0,non_rapid,5,24.1282
20.0,0.0,non_rapid,5,27.1485
25.0,301.0,non_rapid,5,30.9064
24.0,254.0,non_rapid,5,33.375
24.0,115.0,non_rapid,5,23.39775
19.0,559.0,rapid,5,25.158
42.0,584.0,non_rapid,5,45.056
21.0,517.0,non_rapid,5,30.503
21.0,402.0,non_rapid,5,24.003
21.0,749.0,rapid,5,31.0024
42.0,469.0,non_rapid,5,45.056
20.0,251.0,non_rapid,5,25.139
32.0,267.0,non_rapid,5,51.0
13.0,85.0,non_rapid,5,24.5985
24.0,68.0,rapid,5,33.734
25.0,295.0,non_rapid,5,27.681
42.0,671.0,rapid,5,45.056
24.0,251.0,rapid,5,49.29899999999999
21.0,462.0,non_rapid,5,32.752250000000004
21.0,406.0,rapid,5,38.00179999999999
25.0,215.0,non_rapid,5,27.3838
19.0,733.0,non_rapid,5,25.158
19.0,731.0,non_rapid,5,25.158
19.0,542.0,non_rapid,5,42.55166666666667
15.0,307.0,rapid,5,33.916
19.0,267.0,non_rapid,5,27.557
21.0,425.0,non_rapid,5,24.420333333333332
21.0,347.0,rapid,5,41.50149999999999
21.0,459.0,non_rapid,5,27.2602
24.0,542.0,non_rapid,5,24.1576
12.0,619.0,rapid,5,74.732
25.0,413.0,non_rapid,5,27.590599999999995
32.0,115.0,rapid,5,51.0
21.0,445.0,non_rapid,5,27.203
21.0,724.0,rapid,5,38.127
25.0,111.0,rapid,5,32.538
21.0,85.0,non_rapid,5,24.253400000000006
21.0,413.0,rapid,5,56.0466
16.0,0.0,non_rapid,5,30.158500000000004
25.0,276.0,rapid,5,30.0
28.0,494.0,rapid,5,35.0
25.0,85.0,non_rapid,5,27.163999999999994
21.0,411.0,rapid,5,45.1264
32.0,3.0,rapid,5,35.0
21.0,494.0,non_rapid,5,24.003
42.0,417.0,rapid,5,45.056
24.0,108.0,non_rapid,5,24.18
25.0,3.0,non_rapid,5,27.422500000000003
32.0,584.0,rapid,4,66.3955
16.0,251.0,rapid,4,33.97275
25.0,284.0,rapid,4,40.347
21.0,118.0,non_rapid,4,24.1595
42.0,381.0,non_rapid,4,45.056
20.0,3.0,rapid,4,33.408
19.0,251.0,non_rapid,4,36.475
21.0,546.0,rapid,4,47.334333333333326
19.0,267.0,non_rapid,4,36.475
28.0,423.0,rapid,4,35.0
25.0,304.0,non_rapid,4,30.28325
21.0,443.0,non_rapid,4,24.21166666666667
21.0,401.0,rapid,4,41.658
15.0,353.0,non_rapid,4,30.091750000000005
25.0,260.0,rapid,4,55.177
21.0,448.0,rapid,4,41.50149999999999
13.0,84.0,non_rapid,4,24.798
47.0,699.0,non_rapid,4,29.93
21.0,730.0,non_rapid,4,24.21166666666667
19.0,85.0,non_rapid,4,35.797000000000004
12.0,628.0,rapid,4,35.339
21.0,460.0,non_rapid,4,24.1595
21.0,559.0,rapid,4,50.407250000000005
21.0,722.0,non_rapid,4,24.003
42.0,267.0,non_rapid,4,45.056
16.0,182.0,non_rapid,4,50.12
25.0,115.0,rapid,4,55.177
19.0,724.0,non_rapid,4,30.158
19.0,737.0,non_rapid,4,25.158
24.0,577.0,non_rapid,4,24.129
19.0,699.0,rapid,4,25.158
25.0,265.0,rapid,4,33.46266666666667
19.0,559.0,non_rapid,4,25.158
21.0,423.0,non_rapid,4,24.003
25.0,285.0,non_rapid,4,30.377666666666663
42.0,0.0,rapid,4,45.056
24.0,187.0,non_rapid,4,23.46466666666667
24.0,751.0,rapid,4,29.328250000000004
15.0,347.0,rapid,4,41.3745
25.0,2.0,rapid,4,27.177000000000003
24.0,563.0,non_rapid,4,22.639
28.0,508.0,non_rapid,4,35.0
21.0,461.0,rapid,4,59.0
25.0,111.0,non_rapid,4,27.6875
21.0,251.0,non_rapid,4,46.66966666666667
21.0,417.0,non_rapid,4,24.316
24.0,217.0,rapid,4,22.197
21.0,525.0,non_rapid,4,31.918
25.0,295.0,rapid,4,42.118
47.0,742.0,non_rapid,4,32.43
25.0,423.0,non_rapid,4,30.28325
25.0,282.0,non_rapid,4,28.211
24.0,267.0,rapid,4,37.197
21.0,559.0,non_rapid,4,24.316000000000003
24.0,229.0,rapid,4,24.06566666666667
24.0,347.0,non_rapid,4,40.528
25.0,260.0,non_rapid,4,55.177
25.0,3.0,rapid,4,32.7025
25.0,178.0,rapid,4,33.501666666666665
47.0,381.0,non_rapid,4,29.93
28.0,469.0,rapid,4,82.69
19.0,582.0,rapid,4,81.98266666666667
24.0,184.0,rapid,4,61.82
21.0,383.0,rapid,4,32.752250000000004
25.0,294.0,non_rapid,4,30.377666666666663
21.0,323.0,non_rapid,4,32.752250000000004
28.0,406.0,non_rapid,4,35.0
21.0,554.0,non_rapid,4,30.9725
24.0,105.0,non_rapid,4,24.64775
25.0,290.0,non_rapid,4,30.84975
24.0,18.0,non_rapid,4,37.70475
19.0,558.0,non_rapid,4,25.158
24.0,184.0,non_rapid,4,49.68175
21.0,404.0,non_rapid,4,24.003
31.0,85.0,non_rapid,4,25.697000000000003
24.0,3.0,rapid,4,64.73533333333334
24.0,584.0,rapid,4,45.0
30.0,582.0,non_rapid,4,25.158
25.0,320.0,rapid,4,27.4225
21.0,184.0,non_rapid,4,24.21166666666667
21.0,464.0,rapid,4,41.50149999999999
24.0,115.0,rapid,4,38.399
25.0,584.0,rapid,4,27.50433333333333
21.0,444.0,non_rapid,4,34.503
24.0,3.0,rapid,4,54.60366666666667
42.0,2.0,rapid,4,45.056
24.0,0.0,non_rapid,4,24.441
21.0,448.0,non_rapid,4,24.003
32.0,267.0,non_rapid,4,26.0985
19.0,754.0,non_rapid,4,51.62199999999999
47.0,591.0,non_rapid,4,29.93
25.0,286.0,non_rapid,4,30.0
24.0,699.0,non_rapid,4,22.816333333333333
28.0,414.0,rapid,4,38.75
21.0,520.0,rapid,4,41.658
25.0,580.0,rapid,4,31.920500000000004
5.0,3.0,non_rapid,4,24.081
24.0,748.0,rapid,4,46.605
21.0,381.0,rapid,4,32.90875
28.0,476.0,non_rapid,4,35.0
15.0,184.0,non_rapid,4,30.1165
25.0,347.0,non_rapid,4,30.0
25.0,271.0,non_rapid,4,31.133
25.0,542.0,non_rapid,4,31.133
21.0,457.0,non_rapid,4,24.1595
47.0,377.0,non_rapid,4,31.18
32.0,3.0,non_rapid,4,35.0
24.0,267.0,rapid,4,42.262
20.0,253.0,non_rapid,3,25.139
24.0,567.0,rapid,3,38.197
32.0,96.0,non_rapid,3,31.0
42.0,412.0,non_rapid,3,45.056
24.0,173.0,non_rapid,3,74.476
24.0,542.0,non_rapid,3,41.082
21.0,617.0,non_rapid,3,24.003
24.0,211.0,rapid,3,46.52033333333333
13.0,420.0,non_rapid,3,25.197
25.0,184.0,non_rapid,3,30.0
21.0,229.0,rapid,3,41.5015
21.0,447.0,non_rapid,3,29.33633333333333
21.0,400.0,rapid,3,24.003
19.0,551.0,non_rapid,3,25.158
21.0,178.0,non_rapid,3,24.003
21.0,393.0,non_rapid,3,24.003
21.0,538.0,rapid,3,24.003
25.0,275.0,non_rapid,3,27.855
21.0,267.0,rapid,3,44.633
24.0,17.0,non_rapid,3,24.46033333333333
19.0,381.0,non_rapid,3,25.158
21.0,744.0,non_rapid,3,24.003
24.0,749.0,non_rapid,3,56.24600000000001
28.0,489.0,non_rapid,3,35.0
25.0,195.0,non_rapid,3,27.513
24.0,146.0,rapid,3,49.187
21.0,399.0,non_rapid,3,24.003
25.0,245.0,non_rapid,3,30.755333333333336
25.0,397.0,non_rapid,3,27.86633333333334
21.0,254.0,rapid,3,57.34766666666667
32.0,671.0,rapid,3,60.958333333333336
42.0,115.0,rapid,3,45.056
16.0,0.0,rapid,3,50.0
24.0,119.0,rapid,3,38.53033333333334
21.0,513.0,non_rapid,3,24.003
12.0,251.0,rapid,3,48.64000000000001
19.0,3.0,rapid,3,35.797
32.0,54.0,rapid,3,71.6455
32.0,0.0,non_rapid,3,51.0
19.0,115.0,rapid,3,35.158
25.0,300.0,non_rapid,3,30.755333333333336
25.0,255.0,non_rapid,3,27.151000000000003
32.0,244.0,non_rapid,3,25.197
31.0,3.0,rapid,3,24.863666666666663
32.0,423.0,rapid,3,51.669
13.0,423.0,non_rapid,3,25.0985
24.0,721.0,rapid,3,39.55700000000001
25.0,386.0,non_rapid,3,28.211
21.0,749.0,non_rapid,3,24.003
21.0,392.0,non_rapid,3,24.211666666666662
21.0,730.0,rapid,3,35.66866666666667
19.0,730.0,non_rapid,3,25.158
25.0,0.0,rapid,3,31.133
25.0,444.0,non_rapid,3,27.177
47.0,381.0,rapid,3,33.26333333333333
25.0,423.0,rapid,3,55.177
24.0,749.0,rapid,3,66.567
28.0,520.0,rapid,3,35.0
24.0,115.0,non_rapid,3,25.197
24.0,273.0,rapid,3,34.5275
25.0,626.0,rapid,3,27.0
20.0,304.0,rapid,3,33.177
43.0,115.0,non_rapid,3,25.197
42.0,422.0,rapid,3,45.056
19.0,464.0,non_rapid,3,25.158
21.0,748.0,non_rapid,3,24.003
20.0,310.0,non_rapid,3,29.158
24.0,260.0,non_rapid,3,24.151666666666667
19.0,253.0,rapid,3,25.158
25.0,193.0,rapid,3,27.168333333333333
42.0,520.0,non_rapid,3,45.056
32.0,196.0,rapid,3,55.93266666666667
32.0,386.0,non_rapid,3,25.197
25.0,119.0,rapid,3,28.211
28.0,381.0,non_rapid,3,35.0
19.0,585.0,non_rapid,3,31.82466666666667
32.0,184.0,non_rapid,3,24.798
19.0,731.0,rapid,3,38.49133333333334
21.0,414.0,rapid,3,47.334333333333326
21.0,393.0,rapid,3,59.0
28.0,474.0,non_rapid,3,35.0
25.0,320.0,non_rapid,3,27.151000000000003
24.0,730.0,non_rapid,3,23.126
21.0,428.0,non_rapid,3,24.003
21.0,488.0,non_rapid,3,29.33633333333333
21.0,515.0,non_rapid,3,24.003
19.0,310.0,rapid,3,25.158
12.0,660.0,rapid,3,59.88433333333333
42.0,387.0,rapid,3,45.056
24.0,139.0,rapid,3,24.426
25.0,744.0,non_rapid,3,27.177
25.0,584.0,non_rapid,3,30.0
13.0,86.0,non_rapid,3,25.197
25.0,415.0,non_rapid,3,27.521666666666665
25.0,286.0,rapid,3,30.377666666666663
25.0,302.0,non_rapid,3,30.75533333333333
24.0,320.0,non_rapid,3,33.776999999999994
19.0,725.0,non_rapid,3,38.49133333333334
24.0,750.0,rapid,3,25.197
20.0,84.0,non_rapid,3,30.805666666666667
24.0,42.0,rapid,3,77.94966666666666
21.0,427.0,non_rapid,3,24.003
32.0,212.0,rapid,3,38.0
24.0,34.0,non_rapid,3,24.816333333333333
42.0,414.0,rapid,3,42.370666666666665
25.0,168.0,rapid,3,27.163999999999994
21.0,454.0,rapid,3,24.003
21.0,453.0,non_rapid,3,24.003
42.0,253.0,rapid,3,45.056
32.0,251.0,rapid,3,51.0
32.0,542.0,non_rapid,3,29.06566666666667
20.0,423.0,non_rapid,3,30.052
32.0,3.0,non_rapid,3,51.0
19.0,560.0,rapid,3,31.82466666666667
25.0,397.0,rapid,3,27.86633333333333
32.0,161.0,non_rapid,3,38.53033333333334
13.0,115.0,non_rapid,3,25.197
25.0,397.0,rapid,3,30.75533333333333
28.0,514.0,rapid,3,35.0
12.0,423.0,rapid,3,30.189000000000004
42.0,115.0,non_rapid,3,41.704
21.0,494.0,non_rapid,3,35.0
24.0,3.0,non_rapid,3,29.797
25.0,236.0,rapid,3,28.211
20.0,267.0,non_rapid,3,25.139
42.0,542.0,rapid,3,45.05599999999999
25.0,254.0,non_rapid,3,30.75533333333333
24.0,578.0,rapid,3,25.006666666666664
15.0,184.0,non_rapid,3,50.166
21.0,724.0,non_rapid,3,30.74633333333333
32.0,423.0,non_rapid,3,25.798
15.0,330.0,rapid,3,30.166
21.0,400.0,non_rapid,3,35.87733333333333
21.0,415.0,rapid,3,32.699666666666666
21.0,440.0,rapid,3,41.5015
32.0,17.0,non_rapid,3,25.197
21.0,229.0,non_rapid,3,24.003
21.0,727.0,non_rapid,3,24.21166666666667
24.0,754.0,rapid,3,38.13133333333334
19.0,564.0,rapid,3,31.82466666666667
24.0,143.0,rapid,3,81.112
24.0,123.0,rapid,3,47.44266666666667
24.0,175.0,rapid,3,44.065666666666665
15.0,423.0,rapid,3,35.11066666666667
21.0,437.0,non_rapid,3,24.21166666666667
25.0,482.0,rapid,3,28.211
15.0,267.0,non_rapid,3,50.166
21.0,397.0,rapid,3,44.233
47.0,267.0,non_rapid,3,53.90766666666666
32.0,229.0,non_rapid,3,49.964666666666666
20.0,175.0,rapid,3,33.177
32.0,85.0,non_rapid,3,25.0985
42.0,175.0,non_rapid,3,45.056
24.0,415.0,rapid,3,38.17433333333333
25.0,109.0,non_rapid,3,27.168333333333333
25.0,229.0,rapid,3,55.177
24.0,17.0,rapid,3,21.005
15.0,267.0,non_rapid,3,30.133
24.0,163.0,rapid,3,38.105
19.0,85.0,rapid,3,35.158
32.0,533.0,non_rapid,3,24.5985
19.0,229.0,rapid,3,31.82466666666667
20.0,469.0,non_rapid,3,40.0
47.0,184.0,non_rapid,3,29.93
20.0,86.0,rapid,3,36.47233333333333
25.0,318.0,rapid,3,27.177000000000003
42.0,397.0,non_rapid,3,45.056
16.0,3.0,rapid,3,37.6285
25.0,201.0,non_rapid,3,27.86633333333333
25.0,215.0,rapid,3,36.67699999999999
21.0,584.0,non_rapid,3,24.316000000000003
19.0,381.0,rapid,3,88.71800000000002
25.0,268.0,rapid,3,30.377666666666663
16.0,56.0,rapid,3,48.333333333333336
24.0,750.0,non_rapid,3,23.697
47.0,267.0,non_rapid,3,29.93
31.0,251.0,non_rapid,3,25.863666666666663
42.0,406.0,rapid,3,45.056
21.0,603.0,non_rapid,3,24.420333333333332
21.0,474.0,non_rapid,3,24.21166666666667
24.0,578.0,non_rapid,3,24.129
21.0,0.0,non_rapid,3,47.118
42.0,173.0,non_rapid,3,45.056
25.0,364.0,rapid,3,27.164
25.0,410.0,non_rapid,3,27.521666666666665
21.0,459.0,rapid,3,56.001
24.0,105.0,rapid,3,42.065666666666665
25.0,423.0,rapid,3,31.133
31.0,267.0,non_rapid,3,25.863666666666663
42.0,393.0,rapid,3,45.056
24.0,253.0,non_rapid,3,46.412000000000006
13.0,184.0,non_rapid,3,24.798
24.0,364.0,rapid,3,29.921333333333337
21.0,540.0,non_rapid,3,24.003
24.0,13.0,rapid,3,31.036666666666665
19.0,552.0,rapid,3,38.49133333333334
25.0,68.0,rapid,3,27.151000000000007
12.0,251.0,non_rapid,3,58.97733333333334
28.0,488.0,non_rapid,3,35.0
28.0,508.0,rapid,3,35.0
21.0,127.0,non_rapid,3,24.21166666666667
21.0,703.0,rapid,3,47.334333333333326
47.0,310.0,rapid,2,29.93
21.0,284.0,non_rapid,2,24.003
24.0,211.0,non_rapid,2,24.697
25.0,562.0,rapid,2,27.177
32.0,310.0,non_rapid,2,25.0
19.0,735.0,rapid,2,37.153
30.0,737.0,non_rapid,2,25.158
24.0,150.0,non_rapid,2,24.5985
32.0,423.0,non_rapid,2,35.0
25.0,302.0,non_rapid,2,27.177
43.0,0.0,rapid,2,42.5
25.0,577.0,rapid,2,28.211
28.0,505.0,non_rapid,2,35.0
25.0,108.0,non_rapid,2,30.0
28.0,488.0,rapid,2,35.0
24.0,622.0,non_rapid,2,27.197
25.0,96.0,rapid,2,27.677
24.0,756.0,rapid,2,24.197
21.0,0.0,rapid,2,47.118
32.0,105.0,non_rapid,2,25.197
21.0,644.0,rapid,2,59.0
20.0,251.0,non_rapid,2,65.0
25.0,313.0,non_rapid,2,44.5
21.0,475.0,rapid,2,41.5015
16.0,423.0,non_rapid,2,30.257
25.0,280.0,non_rapid,2,28.211
21.0,621.0,non_rapid,2,24.003
15.0,347.0,non_rapid,2,37.666
20.0,113.0,non_rapid,2,25.139
47.0,422.0,rapid,2,34.93
21.0,378.0,rapid,2,59.000000000000014
21.0,440.0,rapid,2,50.003
25.0,146.0,non_rapid,2,28.211
44.0,0.0,rapid,2,42.5
24.0,401.0,non_rapid,2,25.197000000000003
21.0,68.0,rapid,2,24.003
21.0,495.0,non_rapid,2,24.003
42.0,295.0,non_rapid,2,45.056
25.0,305.0,non_rapid,2,30.5665
21.0,209.0,non_rapid,2,24.003
24.0,107.0,non_rapid,2,24.5985
25.0,260.0,non_rapid,2,30.0
24.0,251.0,non_rapid,2,49.137
21.0,456.0,rapid,2,41.5015
24.0,744.0,non_rapid,2,24.0
21.0,537.0,non_rapid,2,24.316000000000003
25.0,545.0,rapid,2,46.177
24.0,240.0,rapid,2,27.8085
25.0,3.0,rapid,2,55.177
21.0,725.0,non_rapid,2,24.316000000000003
19.0,736.0,non_rapid,2,37.153
24.0,96.0,non_rapid,2,44.812
32.0,139.0,non_rapid,2,25.197
24.0,139.0,non_rapid,2,23.0985
12.0,671.0,rapid,2,40.489
25.0,440.0,rapid,2,36.67699999999999
0.0,86.0,rapid,2,42.5
21.0,85.0,rapid,2,59.0
6.0,229.0,non_rapid,2,58.786
16.0,251.0,non_rapid,2,30.1885
32.0,2.0,non_rapid,2,31.288
21.0,734.0,non_rapid,2,24.003
21.0,102.0,rapid,2,59.0
24.0,46.0,non_rapid,2,22.197
32.0,115.0,non_rapid,2,25.197
19.0,381.0,rapid,2,25.158
21.0,390.0,non_rapid,2,24.003
32.0,135.0,non_rapid,2,25.197
24.0,621.0,non_rapid,2,24.197000000000003
42.0,671.0,non_rapid,2,50.056
19.0,562.0,rapid,2,25.158
24.0,108.0,rapid,2,45.0
28.0,751.0,rapid,2,35.0
19.0,729.0,non_rapid,2,25.158
19.0,108.0,rapid,2,35.158
28.0,498.0,rapid,2,35.0
23.0,85.0,rapid,2,24.197
13.0,382.0,non_rapid,2,25.197
24.0,320.0,non_rapid,2,24.197
47.0,415.0,non_rapid,2,29.93
42.0,388.0,rapid,2,45.056
21.0,42.0,non_rapid,2,34.503
24.0,750.0,rapid,2,45.597
19.0,708.0,rapid,2,25.158
24.0,191.0,non_rapid,2,24.197
24.0,151.0,non_rapid,2,24.197
25.0,117.0,non_rapid,2,27.681
24.0,44.0,rapid,2,44.99999999999999
47.0,599.0,non_rapid,2,29.93
25.0,364.0,non_rapid,2,27.177
21.0,423.0,non_rapid,2,35.0
15.0,139.0,non_rapid,2,30.067
19.0,85.0,non_rapid,2,25.158
25.0,173.0,rapid,2,31.133
24.0,165.0,rapid,2,31.5
24.0,132.0,non_rapid,2,23.197
21.0,524.0,non_rapid,2,24.003
25.0,269.0,non_rapid,2,30.5665
19.0,753.0,non_rapid,2,35.119
21.0,254.0,non_rapid,2,24.003
24.0,174.0,rapid,2,67.28
25.0,347.0,rapid,2,30.0
13.0,251.0,rapid,2,25.197
21.0,443.0,rapid,2,41.5015
19.0,752.0,rapid,2,45.158
25.0,520.0,non_rapid,2,30.0
25.0,444.0,rapid,2,55.177
32.0,15.0,non_rapid,2,27.0
4.0,84.0,rapid,2,24.5985
21.0,569.0,rapid,2,41.8145
24.0,113.0,rapid,2,24.197
32.0,55.0,non_rapid,2,51.0
21.0,429.0,rapid,2,24.003
25.0,251.0,rapid,2,30.0
28.0,545.0,rapid,2,39.75
20.0,563.0,non_rapid,2,65.0
42.0,386.0,rapid,2,45.056
30.0,546.0,non_rapid,2,25.158
25.0,724.0,non_rapid,2,30.0
12.0,634.0,rapid,2,40.489
28.0,524.0,non_rapid,2,35.0
25.0,393.0,non_rapid,2,27.177
15.0,349.0,rapid,2,45.083
21.0,535.0,rapid,2,59.0
30.0,559.0,rapid,2,25.158
21.0,347.0,non_rapid,2,24.003
21.0,541.0,non_rapid,2,24.003
24.0,116.0,rapid,2,41.954
24.0,592.0,non_rapid,2,24.197
19.0,742.0,rapid,2,45.158
42.0,462.0,non_rapid,2,35.0
32.0,420.0,non_rapid,2,25.197
21.0,494.0,rapid,2,59.0
24.0,168.0,rapid,2,45.0
32.0,3.0,rapid,2,55.1855
30.0,423.0,rapid,2,25.158
15.0,169.0,rapid,2,37.5335
21.0,456.0,non_rapid,2,24.003
25.0,70.0,non_rapid,2,27.164
21.0,260.0,rapid,2,59.0
25.0,111.0,rapid,2,55.177
25.0,496.0,non_rapid,2,27.151
25.0,621.0,non_rapid,2,27.164
42.0,409.0,rapid,2,45.056
25.0,375.0,rapid,2,27.151000000000007
16.0,267.0,non_rapid,2,30.06
19.0,552.0,non_rapid,2,25.158
25.0,307.0,non_rapid,2,30.0
32.0,46.0,non_rapid,2,25.197
21.0,175.0,rapid,2,58.99999999999999
25.0,716.0,rapid,2,27.151
25.0,403.0,non_rapid,2,27.177
32.0,172.0,non_rapid,2,92.375
20.0,123.0,rapid,2,30.052
19.0,748.0,non_rapid,2,35.119
13.0,2.0,non_rapid,2,24.5985
21.0,428.0,rapid,2,59.0
13.0,170.0,non_rapid,2,25.197
25.0,251.0,rapid,2,80.22
19.0,84.0,non_rapid,2,25.158
30.0,84.0,non_rapid,2,25.158
16.0,86.0,non_rapid,2,50.12
21.0,391.0,non_rapid,2,24.003
43.0,251.0,non_rapid,2,25.197
22.0,423.0,non_rapid,2,50.111
25.0,310.0,non_rapid,2,55.177
21.0,514.0,non_rapid,2,24.003
21.0,460.0,rapid,2,24.629000000000005
47.0,591.0,rapid,2,47.5775
32.0,267.0,rapid,2,50.197
21.0,590.0,rapid,2,59.0
32.0,699.0,non_rapid,2,25.197
32.0,0.0,rapid,2,50.99999999999999
24.0,260.0,rapid,2,45.0
24.0,107.0,rapid,2,24.0985
25.0,460.0,rapid,2,31.133
24.0,128.0,non_rapid,2,26.197
15.0,215.0,non_rapid,2,30.166
24.0,751.0,non_rapid,2,24.0
21.0,417.0,rapid,2,24.003
42.0,389.0,non_rapid,2,40.028
25.0,314.0,rapid,2,46.177
19.0,423.0,rapid,2,50.56
25.0,390.0,non_rapid,2,27.177
19.0,582.0,non_rapid,2,50.56
28.0,426.0,non_rapid,2,35.0
24.0,711.0,non_rapid,2,23.197000000000003
25.0,115.0,non_rapid,2,55.177
20.0,542.0,rapid,2,33.639
20.0,563.0,rapid,2,33.17699999999999
32.0,17.0,rapid,2,63.202
24.0,374.0,non_rapid,2,49.977
21.0,219.0,rapid,2,24.003
20.0,3.0,non_rapid,2,40.0
30.0,591.0,non_rapid,2,25.158
19.0,420.0,non_rapid,2,25.158
25.0,392.0,non_rapid,2,27.177
30.0,251.0,rapid,2,25.158
32.0,139.0,rapid,2,97.5
24.0,123.0,non_rapid,2,23.697
21.0,422.0,non_rapid,2,24.003
25.0,731.0,non_rapid,2,27.164
21.0,184.0,rapid,2,45.003
24.0,137.0,non_rapid,2,23.0985
28.0,474.0,rapid,2,35.0
28.0,415.0,non_rapid,2,35.0
21.0,548.0,non_rapid,2,24.003
21.0,184.0,rapid,2,59.0
28.0,381.0,rapid,2,126.077
5.0,347.0,non_rapid,2,24.105
28.0,495.0,non_rapid,2,57.102
25.0,594.0,rapid,2,46.177
24.0,744.0,non_rapid,2,24.197
21.0,508.0,non_rapid,2,24.003
42.0,320.0,non_rapid,2,45.056
21.0,741.0,non_rapid,2,24.003
32.0,117.0,non_rapid,2,25.197
28.0,464.0,non_rapid,2,35.0
30.0,253.0,non_rapid,2,25.158
28.0,538.0,non_rapid,2,35.0
23.0,0.0,rapid,2,52.6545
25.0,427.0,rapid,2,53.0
25.0,278.0,rapid,2,40.0885
13.0,260.0,non_rapid,2,25.197
21.0,546.0,non_rapid,2,24.003
16.0,17.0,rapid,2,50.0
32.0,588.0,rapid,2,93.0
25.0,119.0,rapid,2,55.177
19.0,409.0,non_rapid,2,35.119
25.0,582.0,rapid,2,27.177000000000003
21.0,733.0,rapid,2,41.8145
19.0,289.0,non_rapid,2,25.158
25.0,712.0,non_rapid,2,28.211
24.0,155.0,non_rapid,2,25.197
25.0,137.0,non_rapid,2,31.133
21.0,671.0,non_rapid,2,24.003
20.0,350.0,non_rapid,2,65.139
24.0,154.0,rapid,2,45.0
24.0,117.0,non_rapid,2,22.697
30.0,578.0,non_rapid,2,25.158
19.0,0.0,rapid,2,42.8395
28.0,251.0,non_rapid,2,199.047
21.0,65.0,rapid,2,24.003
42.0,535.0,non_rapid,2,45.056
15.0,320.0,rapid,2,30.1165
15.0,336.0,rapid,2,37.5335
28.0,503.0,rapid,2,47.5
42.0,419.0,non_rapid,2,45.056
25.0,34.0,rapid,2,27.177
19.0,592.0,rapid,2,25.158
21.0,737.0,rapid,2,54.5015
25.0,464.0,rapid,2,36.0885
24.0,337.0,non_rapid,2,56.547
30.0,229.0,non_rapid,2,25.158
19.0,667.0,non_rapid,2,35.119
25.0,105.0,rapid,2,37.194
15.0,323.0,non_rapid,2,30.1165
13.0,527.0,non_rapid,2,25.197
21.0,554.0,non_rapid,2,50.003
25.0,547.0,non_rapid,2,27.151
25.0,284.0,non_rapid,2,30.0
24.0,742.0,non_rapid,2,22.197
24.0,18.0,rapid,2,77.567
42.0,86.0,rapid,2,45.056
4.0,174.0,non_rapid,2,25.197
25.0,381.0,non_rapid,2,30.5665
25.0,178.0,non_rapid,2,27.151
21.0,449.0,rapid,2,41.5015
15.0,311.0,rapid,2,37.666
24.0,100.0,non_rapid,2,24.697000000000003
42.0,184.0,rapid,2,45.056
32.0,0.0,non_rapid,2,35.0
42.0,569.0,non_rapid,2,45.056
25.0,463.0,non_rapid,2,30.0
21.0,498.0,non_rapid,2,24.316000000000003
47.0,251.0,non_rapid,2,29.93
4.0,0.0,rapid,2,24.5985
21.0,78.0,non_rapid,2,24.629000000000005
12.0,423.0,non_rapid,2,57.8655
21.0,733.0,non_rapid,2,24.316000000000003
24.0,741.0,non_rapid,2,25.197
21.0,230.0,non_rapid,2,24.003
7.0,0.0,non_rapid,2,64.5
42.0,708.0,non_rapid,2,45.056
32.0,750.0,non_rapid,2,57.679
47.0,0.0,non_rapid,2,29.93
13.0,9.0,rapid,2,25.197
32.0,16.0,non_rapid,2,58.033
42.0,404.0,non_rapid,2,45.056
24.0,320.0,rapid,2,40.567
20.0,251.0,rapid,2,30.052
21.0,20.0,rapid,2,59.0
19.0,267.0,rapid,2,35.158
21.0,399.0,rapid,2,41.5015
21.0,526.0,non_rapid,2,24.003
24.0,239.0,rapid,2,34.697
25.0,68.0,non_rapid,2,27.151
25.0,289.0,rapid,2,55.177
19.0,139.0,rapid,2,35.158
42.0,382.0,rapid,2,45.056
25.0,3.0,non_rapid,2,55.177
21.0,419.0,non_rapid,2,24.316000000000003
24.0,22.0,rapid,2,69.4495
19.0,566.0,non_rapid,2,35.158
25.0,482.0,non_rapid,2,27.176999999999992
25.0,275.0,rapid,2,27.177
21.0,97.0,rapid,2,41.5015
19.0,750.0,rapid,2,35.119
21.0,410.0,rapid,2,41.50149999999999
25.0,108.0,rapid,2,36.677
24.0,26.0,non_rapid,2,24.197
43.0,117.0,non_rapid,2,25.197
32.0,85.0,rapid,2,50.3485
16.0,105.0,non_rapid,2,30.257
42.0,272.0,non_rapid,2,40.028
19.0,253.0,non_rapid,2,35.158
21.0,440.0,non_rapid,2,24.003
19.0,420.0,rapid,2,35.158
42.0,298.0,rapid,2,45.056
25.0,279.0,rapid,2,36.664
8.0,0.0,non_rapid,2,37.0
21.0,531.0,non_rapid,2,24.003
21.0,84.0,rapid,2,44.233
21.0,286.0,non_rapid,2,24.316
28.0,310.0,non_rapid,2,35.0
24.0,337.0,rapid,2,34.5985
25.0,238.0,rapid,2,27.177
21.0,458.0,non_rapid,2,24.003
42.0,407.0,non_rapid,2,40.028
21.0,84.0,non_rapid,2,24.003
20.0,173.0,rapid,2,41.569500000000005
25.0,110.0,rapid,2,27.177
42.0,3.0,rapid,2,45.056
20.0,115.0,rapid,2,25.139000000000003
15.0,251.0,non_rapid,2,30.166
24.0,176.0,rapid,2,81.0
42.0,413.0,non_rapid,2,270.831
24.0,14.0,rapid,2,24.197
24.0,132.0,rapid,2,35.197
19.0,3.0,non_rapid,2,35.119
24.0,34.0,rapid,2,84.0
20.0,41.0,rapid,2,42.139
22.0,3.0,rapid,2,24.126
24.0,22.0,non_rapid,2,24.197
21.0,711.0,non_rapid,2,24.629000000000005
32.0,146.0,non_rapid,2,25.197
32.0,78.0,rapid,2,41.0
21.0,304.0,non_rapid,2,32.003
42.0,304.0,rapid,2,55.056
21.0,514.0,non_rapid,2,35.0
25.0,191.0,non_rapid,2,31.133
20.0,96.0,rapid,2,65.0
15.0,337.0,rapid,2,45.0
42.0,267.0,rapid,2,45.05599999999999
42.0,86.0,non_rapid,2,45.056
25.0,249.0,rapid,2,36.67699999999999
16.0,577.0,rapid,2,45.12
21.0,276.0,non_rapid,2,24.316000000000003
25.0,569.0,non_rapid,2,27.177
25.0,383.0,rapid,2,27.681
2.0,699.0,rapid,2,60.3485
24.0,41.0,non_rapid,2,25.197
21.0,111.0,rapid,2,24.003
25.0,423.0,non_rapid,2,55.177
19.0,567.0,rapid,2,25.158000000000005
24.0,68.0,non_rapid,2,26.697
25.0,279.0,non_rapid,2,30.0
24.0,69.0,rapid,2,24.129
20.0,151.0,rapid,2,33.177
16.0,182.0,non_rapid,2,30.1885
21.0,529.0,non_rapid,2,24.003
42.0,464.0,rapid,2,45.056
47.0,612.0,non_rapid,2,33.93
28.0,534.0,rapid,2,35.0
25.0,289.0,non_rapid,2,30.0
25.0,331.0,non_rapid,2,27.151
25.0,401.0,non_rapid,2,27.694
25.0,699.0,non_rapid,2,30.0
21.0,624.0,non_rapid,2,24.003
24.0,562.0,rapid,2,24.197
19.0,578.0,non_rapid,2,25.158
25.0,592.0,non_rapid,2,27.151
20.0,173.0,non_rapid,2,25.139
25.0,300.0,non_rapid,2,27.164
25.0,291.0,non_rapid,2,30.0
16.0,84.0,non_rapid,2,30.257
19.0,561.0,non_rapid,2,25.158
32.0,84.0,non_rapid,2,25.197000000000003
47.0,320.0,non_rapid,2,29.93
32.0,143.0,non_rapid,2,25.197
42.0,512.0,non_rapid,2,45.056
42.0,699.0,non_rapid,2,45.056
24.0,128.0,rapid,2,33.697
13.0,699.0,non_rapid,2,26.0985
19.0,175.0,non_rapid,2,25.158
21.0,475.0,non_rapid,2,24.003
24.0,743.0,rapid,2,45.197
25.0,281.0,non_rapid,2,27.694
21.0,468.0,non_rapid,2,24.316000000000003
21.0,542.0,non_rapid,2,35.0
22.0,84.0,rapid,2,24.126
17.0,267.0,non_rapid,2,37.153
20.0,123.0,non_rapid,2,30.052
15.0,229.0,rapid,2,30.166
21.0,706.0,non_rapid,2,24.003
30.0,724.0,non_rapid,2,25.158
24.0,603.0,non_rapid,2,25.197
21.0,253.0,non_rapid,2,64.503
47.0,751.0,non_rapid,2,29.930000000000007
21.0,320.0,non_rapid,2,24.003
28.0,375.0,rapid,2,35.0
21.0,487.0,non_rapid,2,41.5015
21.0,517.0,rapid,2,24.003
24.0,605.0,non_rapid,2,24.129000000000005
19.0,2.0,rapid,2,25.157999999999998
15.0,315.0,rapid,2,37.666
4.0,84.0,non_rapid,2,24.5985
42.0,403.0,non_rapid,2,45.056
32.0,744.0,non_rapid,2,24.0
19.0,297.0,rapid,2,25.158
47.0,597.0,non_rapid,2,29.93
17.0,423.0,non_rapid,2,37.153
32.0,310.0,rapid,2,25.197000000000003
19.0,564.0,non_rapid,2,25.158
21.0,638.0,non_rapid,2,24.316
19.0,569.0,non_rapid,2,25.158
25.0,618.0,rapid,2,27.151
12.0,659.0,rapid,2,52.598
28.0,503.0,non_rapid,2,35.0
25.0,463.0,rapid,2,30.0
28.0,465.0,non_rapid,2,126.077
28.0,521.0,non_rapid,2,35.0
12.0,240.0,rapid,2,35.594
21.0,446.0,rapid,2,24.003
24.0,567.0,non_rapid,2,48.597
42.0,403.0,rapid,1,45.056
32.0,2.0,rapid,1,51.0
24.0,577.0,rapid,1,24.197
27.0,0.0,rapid,1,37.0
15.0,314.0,rapid,1,30.166
25.0,117.0,rapid,1,27.177
17.0,0.0,non_rapid,1,37.153000000000006
13.0,127.0,non_rapid,1,25.197
24.0,700.0,non_rapid,1,22.197
19.0,364.0,non_rapid,1,50.56
25.0,464.0,non_rapid,1,55.177
24.0,168.0,non_rapid,1,24.0
12.0,508.0,non_rapid,1,30.189
13.0,533.0,non_rapid,1,25.197
21.0,708.0,non_rapid,1,24.003
25.0,206.0,non_rapid,1,31.133000000000003
42.0,175.0,rapid,1,45.056
19.0,598.0,rapid,1,37.153
25.0,535.0,rapid,1,31.133
21.0,642.0,non_rapid,1,44.233
25.0,287.0,non_rapid,1,28.211
25.0,759.0,non_rapid,1,27.177000000000007
21.0,215.0,rapid,1,24.003000000000004
21.0,3.0,non_rapid,1,39.663
20.0,745.0,non_rapid,1,25.139
15.0,302.0,rapid,1,45.166
13.0,616.0,non_rapid,1,25.197
12.0,251.0,non_rapid,1,75.354
31.0,175.0,non_rapid,1,25.197
21.0,187.0,rapid,1,40.003
21.0,542.0,rapid,1,50.003
20.0,381.0,rapid,1,42.13900000000001
19.0,561.0,rapid,1,45.158
21.0,586.0,non_rapid,1,24.003
5.0,219.0,non_rapid,1,24.197
25.0,462.0,rapid,1,55.177
13.0,541.0,rapid,1,25.197
25.0,731.0,non_rapid,1,55.177
21.0,599.0,rapid,1,59.0
28.0,86.0,rapid,1,35.0
32.0,339.0,non_rapid,1,51.00000000000001
25.0,278.0,rapid,1,30.0
24.0,367.0,rapid,1,40.997
21.0,538.0,non_rapid,1,50.003
42.0,44.0,rapid,1,45.056
25.0,622.0,rapid,1,27.177
15.0,349.0,non_rapid,1,45.0
19.0,746.0,non_rapid,1,35.119
21.0,105.0,non_rapid,1,24.003
25.0,307.0,rapid,1,30.000000000000004
19.0,761.0,rapid,1,51.622
15.0,304.0,non_rapid,1,30.067
12.0,693.0,non_rapid,1,30.189
20.0,21.0,rapid,1,42.139
19.0,42.0,rapid,1,45.158
21.0,427.0,rapid,1,24.003
24.0,109.0,rapid,1,47.347
20.0,267.0,non_rapid,1,40.0
21.0,174.0,rapid,1,59.0
24.0,129.0,rapid,1,37.0
24.0,172.0,rapid,1,24.000000000000004
33.0,123.0,non_rapid,1,25.0
25.0,88.0,non_rapid,1,28.211
25.0,285.0,rapid,1,30.0
25.0,722.0,rapid,1,55.177
25.0,278.0,rapid,1,55.177
21.0,300.0,rapid,1,24.003
24.0,595.0,non_rapid,1,25.197
25.0,95.0,rapid,1,53.0
25.0,255.0,rapid,1,53.0
25.0,163.0,rapid,1,46.177
25.0,0.0,rapid,1,68.731
28.0,477.0,rapid,1,35.0
24.0,168.0,non_rapid,1,25.197
42.0,758.0,non_rapid,1,35.0
24.0,98.0,non_rapid,1,25.197
19.0,612.0,non_rapid,1,50.56000000000001
22.0,3.0,non_rapid,1,24.197
21.0,461.0,non_rapid,1,24.003
30.0,585.0,non_rapid,1,25.158
19.0,364.0,rapid,1,25.158
21.0,51.0,rapid,1,24.003
42.0,577.0,non_rapid,1,45.056
19.0,281.0,rapid,1,25.158
42.0,139.0,rapid,1,45.056
20.0,84.0,rapid,1,65.139
38.0,0.0,rapid,1,37.0
16.0,0.0,non_rapid,1,50.0
11.0,671.0,rapid,1,77.5
21.0,450.0,non_rapid,1,24.003
28.0,510.0,non_rapid,1,35.0
24.0,671.0,non_rapid,1,24.0
2.0,705.0,rapid,1,24.0
19.0,744.0,rapid,1,25.158
25.0,381.0,non_rapid,1,80.22
42.0,85.0,rapid,1,45.05599999999999
30.0,719.0,non_rapid,1,25.158
43.0,699.0,non_rapid,1,27.0
30.0,0.0,non_rapid,1,25.158
32.0,81.0,non_rapid,1,25.197
21.0,539.0,non_rapid,1,44.233
21.0,588.0,rapid,1,59.0
25.0,463.0,rapid,1,27.177
28.0,414.0,non_rapid,1,35.0
15.0,111.0,rapid,1,45.166
19.0,634.0,non_rapid,1,25.158
21.0,496.0,non_rapid,1,24.629
32.0,205.0,non_rapid,1,25.197
30.0,577.0,rapid,1,25.158
28.0,731.0,rapid,1,35.0
21.0,552.0,non_rapid,1,24.003
2.0,744.0,non_rapid,1,24.0
42.0,603.0,rapid,1,45.056
21.0,175.0,non_rapid,1,24.003
15.0,329.0,rapid,1,45.166
21.0,364.0,rapid,1,59.00000000000001
31.0,176.0,rapid,1,25.197
21.0,599.0,non_rapid,1,24.003
21.0,432.0,rapid,1,59.0
19.0,360.0,non_rapid,1,25.158000000000005
25.0,761.0,non_rapid,1,27.151000000000003
24.0,76.0,rapid,1,40.567
25.0,462.0,non_rapid,1,55.177
25.0,286.0,rapid,1,28.211
20.0,86.0,non_rapid,1,30.052
24.0,193.0,rapid,1,22.197
25.0,744.0,non_rapid,1,55.177
4.0,92.0,non_rapid,1,25.197
25.0,2.0,rapid,1,55.177
19.0,723.0,non_rapid,1,25.158
25.0,731.0,non_rapid,1,30.0
25.0,697.0,non_rapid,1,55.177
47.0,464.0,rapid,1,34.93
25.0,281.0,rapid,1,27.177
21.0,671.0,non_rapid,1,50.003
24.0,85.0,rapid,1,50.197
32.0,116.0,rapid,1,25.197
25.0,289.0,rapid,1,30.0
21.0,727.0,rapid,1,24.003
21.0,587.0,non_rapid,1,24.003000000000004
42.0,554.0,non_rapid,1,45.056
25.0,699.0,rapid,1,30.0
21.0,138.0,non_rapid,1,45.003
14.0,294.0,rapid,1,25.197
24.0,542.0,non_rapid,1,25.197
25.0,182.0,rapid,1,27.177
25.0,108.0,non_rapid,1,27.151
42.0,384.0,non_rapid,1,45.056
22.0,163.0,rapid,1,24.441
20.0,87.0,non_rapid,1,33.177
19.0,584.0,non_rapid,1,35.119
20.0,184.0,non_rapid,1,65.139
24.0,734.0,non_rapid,1,27.197
19.0,2.0,non_rapid,1,50.56
25.0,277.0,non_rapid,1,67.263
25.0,300.0,rapid,1,28.211
22.0,671.0,rapid,1,24.055
24.0,109.0,rapid,1,30.197
24.0,95.0,non_rapid,1,25.197
24.0,105.0,non_rapid,1,25.197
24.0,546.0,rapid,1,22.197
22.0,267.0,non_rapid,1,77.567
28.0,383.0,non_rapid,1,35.0
20.0,115.0,rapid,1,30.052
21.0,131.0,rapid,1,24.629
25.0,520.0,non_rapid,1,27.151
24.0,724.0,non_rapid,1,20.197
25.0,169.0,rapid,1,31.133
15.0,310.0,non_rapid,1,0.0
42.0,416.0,non_rapid,1,45.056
25.0,230.0,rapid,1,27.177000000000007
25.0,245.0,non_rapid,1,27.151
21.0,320.0,rapid,1,24.629
24.0,562.0,rapid,1,46.81699999999999
20.0,347.0,non_rapid,1,33.177
25.0,621.0,rapid,1,55.177
21.0,10.0,rapid,1,59.0
15.0,339.0,non_rapid,1,30.166
42.0,532.0,non_rapid,1,45.056
28.0,484.0,non_rapid,1,35.0
4.0,24.0,non_rapid,1,25.197
25.0,178.0,rapid,1,30.0
25.0,244.0,non_rapid,1,27.151
21.0,487.0,non_rapid,1,45.003
19.0,85.0,rapid,1,35.119
21.0,536.0,non_rapid,1,24.629000000000005
4.0,660.0,non_rapid,1,25.197000000000003
42.0,587.0,non_rapid,1,45.056
21.0,402.0,rapid,1,44.233
25.0,463.0,non_rapid,1,27.0
43.0,520.0,non_rapid,1,25.197
21.0,482.0,rapid,1,24.003
25.0,187.0,rapid,1,28.210999999999995
21.0,427.0,non_rapid,1,0.0
25.0,69.0,non_rapid,1,31.133
30.0,708.0,non_rapid,1,25.158
25.0,100.0,rapid,1,55.177
24.0,196.0,non_rapid,1,25.197
20.0,153.0,rapid,1,42.139
30.0,42.0,non_rapid,1,25.158
28.0,491.0,rapid,1,35.0
43.0,542.0,rapid,1,66.938
42.0,418.0,non_rapid,1,45.056
30.0,703.0,non_rapid,1,25.158
21.0,350.0,non_rapid,1,24.003
32.0,18.0,rapid,1,45.0
25.0,411.0,non_rapid,1,27.177
25.0,462.0,non_rapid,1,31.133
42.0,464.0,non_rapid,1,45.056
25.0,562.0,non_rapid,1,27.176999999999992
25.0,175.0,non_rapid,1,30.0
19.0,726.0,rapid,1,62.83800000000001
21.0,545.0,non_rapid,1,24.003
15.0,331.0,rapid,1,30.166
13.0,135.0,non_rapid,1,25.197
29.0,705.0,non_rapid,1,25.197
25.0,227.0,non_rapid,1,28.211
25.0,377.0,non_rapid,1,30.0
20.0,143.0,non_rapid,1,25.139
13.0,370.0,non_rapid,1,25.197
12.0,713.0,non_rapid,1,50.515
24.0,751.0,non_rapid,1,25.197
21.0,511.0,non_rapid,1,24.003
30.0,554.0,non_rapid,1,25.158
2.0,184.0,non_rapid,1,163.32100000000003
12.0,240.0,non_rapid,1,40.99900000000001
22.0,85.0,non_rapid,1,22.197
19.0,731.0,non_rapid,1,35.119
12.0,310.0,non_rapid,1,40.999
24.0,699.0,non_rapid,1,24.197
20.0,85.0,rapid,1,42.139
30.0,578.0,rapid,1,25.158
2.0,541.0,rapid,1,57.5
42.0,390.0,non_rapid,1,158.508
24.0,90.0,rapid,1,45.197
47.0,464.0,non_rapid,1,29.93
21.0,751.0,rapid,1,24.003
25.0,560.0,rapid,1,28.211
42.0,707.0,non_rapid,1,45.056
13.0,156.0,non_rapid,1,25.197
25.0,612.0,rapid,1,53.00000000000001
19.0,705.0,rapid,1,35.119
19.0,726.0,rapid,1,62.838
25.0,274.0,non_rapid,1,31.133000000000003
19.0,116.0,non_rapid,1,25.158
28.0,542.0,non_rapid,1,83.852
16.0,211.0,rapid,1,50.0
32.0,753.0,non_rapid,1,25.197
21.0,150.0,rapid,1,59.00000000000001
21.0,115.0,rapid,1,45.003
19.0,703.0,rapid,1,45.158
16.0,310.0,rapid,1,49.99999999999999
42.0,675.0,non_rapid,1,45.056
25.0,127.0,rapid,1,27.177
25.0,332.0,non_rapid,1,31.133
21.0,37.0,non_rapid,1,24.629
20.0,671.0,rapid,1,30.052
19.0,560.0,non_rapid,1,25.158
25.0,292.0,non_rapid,1,30.0
25.0,531.0,rapid,1,27.177
25.0,699.0,rapid,1,28.210999999999995
21.0,436.0,rapid,1,59.0
42.0,384.0,rapid,1,45.056
23.0,337.0,non_rapid,1,88.897
19.0,590.0,non_rapid,1,25.158
22.0,415.0,non_rapid,1,24.055
42.0,726.0,rapid,1,45.056
32.0,123.0,non_rapid,1,25.197000000000003
31.0,54.0,non_rapid,1,105.732
19.0,88.0,rapid,1,25.158000000000005
20.0,119.0,non_rapid,1,33.177
24.0,253.0,non_rapid,1,24.197
32.0,118.0,non_rapid,1,25.197
24.0,184.0,rapid,1,41.597
21.0,482.0,non_rapid,1,35.0
25.0,697.0,rapid,1,27.151
15.0,324.0,rapid,1,45.166
20.0,112.0,rapid,1,42.139
19.0,708.0,non_rapid,1,25.158
21.0,455.0,rapid,1,24.003
24.0,633.0,non_rapid,1,25.197
24.0,671.0,rapid,1,44.99999999999999
21.0,478.0,non_rapid,1,24.003
32.0,605.0,non_rapid,1,50.197
25.0,411.0,rapid,1,27.176999999999992
25.0,548.0,rapid,1,27.177
24.0,444.0,non_rapid,1,22.197
42.0,190.0,rapid,1,45.056
21.0,57.0,rapid,1,24.003
19.0,171.0,non_rapid,1,50.56
21.0,595.0,rapid,1,59.0
24.0,6.0,non_rapid,1,40.56700000000001
17.0,734.0,rapid,1,37.153
15.0,184.0,rapid,1,50.16599999999999
25.0,177.0,non_rapid,1,27.151
19.0,584.0,rapid,1,45.158
24.0,24.0,non_rapid,1,20.197
21.0,520.0,non_rapid,1,35.0
31.0,86.0,rapid,1,25.197
47.0,105.0,non_rapid,1,29.93
42.0,570.0,non_rapid,1,45.056
16.0,215.0,rapid,1,100.0
25.0,115.0,non_rapid,1,30.0
24.0,101.0,non_rapid,1,24.197
25.0,735.0,rapid,1,27.151000000000003
21.0,383.0,non_rapid,1,35.0
12.0,699.0,rapid,1,74.732
25.0,178.0,non_rapid,1,30.0
24.0,462.0,rapid,1,45.0
47.0,417.0,non_rapid,1,29.93
30.0,401.0,non_rapid,1,25.158
43.0,161.0,rapid,1,39.0
19.0,621.0,rapid,1,25.158
21.0,444.0,rapid,1,59.0
24.0,174.0,non_rapid,1,24.0
24.0,244.0,non_rapid,1,24.197
21.0,537.0,rapid,1,51.003
24.0,324.0,rapid,1,24.0
24.0,217.0,rapid,1,24.197000000000003
32.0,135.0,rapid,1,105.0
24.0,11.0,rapid,1,24.197
21.0,35.0,non_rapid,1,24.003
25.0,361.0,non_rapid,1,27.177
13.0,750.0,non_rapid,1,91.358
32.0,16.0,rapid,1,25.197
25.0,711.0,rapid,1,28.177
13.0,68.0,non_rapid,1,25.197
20.0,254.0,non_rapid,1,33.177
42.0,419.0,rapid,1,45.056
20.0,121.0,non_rapid,1,25.139
19.0,725.0,rapid,1,25.158
25.0,706.0,rapid,1,55.177
15.0,193.0,rapid,1,45.166
15.0,201.0,rapid,1,45.166
23.0,174.0,rapid,1,24.197
25.0,313.0,rapid,1,42.5
25.0,387.0,non_rapid,1,27.177
25.0,755.0,rapid,1,27.177
19.0,420.0,non_rapid,1,35.119
21.0,279.0,non_rapid,1,24.629
20.0,105.0,non_rapid,1,25.139
25.0,603.0,rapid,1,27.177
25.0,712.0,rapid,1,27.177
28.0,420.0,rapid,1,35.0
20.0,161.0,non_rapid,1,25.139000000000003
21.0,488.0,non_rapid,1,35.0
15.0,374.0,non_rapid,1,30.166
21.0,469.0,rapid,1,59.0
21.0,708.0,rapid,1,59.0
22.0,146.0,non_rapid,1,24.055
24.0,311.0,rapid,1,65.197
25.0,375.0,non_rapid,1,27.151
21.0,430.0,non_rapid,1,24.003
24.0,386.0,non_rapid,1,25.197000000000003
47.0,605.0,non_rapid,1,50.249
24.0,171.0,rapid,1,48.057
16.0,229.0,non_rapid,1,30.12
24.0,26.0,rapid,1,24.197
24.0,423.0,non_rapid,1,52.337
19.0,267.0,rapid,1,35.119
24.0,68.0,rapid,1,50.197
21.0,268.0,non_rapid,1,24.003
25.0,195.0,rapid,1,55.177
24.0,619.0,rapid,1,65.197
32.0,705.0,rapid,1,45.197
24.0,175.0,non_rapid,1,25.197
42.0,223.0,non_rapid,1,45.056
20.0,230.0,rapid,1,30.052
25.0,532.0,rapid,1,46.17699999999999
15.0,558.0,rapid,1,45.0
21.0,404.0,rapid,1,24.003
15.0,267.0,rapid,1,50.166
22.0,13.0,rapid,1,24.055
24.0,90.0,non_rapid,1,20.197
24.0,205.0,non_rapid,1,25.197
23.0,85.0,non_rapid,1,24.197
32.0,251.0,non_rapid,1,51.0
21.0,289.0,non_rapid,1,50.003
19.0,741.0,non_rapid,1,25.158
25.0,388.0,non_rapid,1,56.422
21.0,337.0,non_rapid,1,24.003
21.0,701.0,rapid,1,24.003
21.0,56.0,non_rapid,1,24.003
21.0,567.0,non_rapid,1,24.003
24.0,723.0,non_rapid,1,24.0
32.0,123.0,non_rapid,1,50.197
21.0,577.0,non_rapid,1,24.003
4.0,548.0,rapid,1,20.197
21.0,152.0,non_rapid,1,24.003
47.0,584.0,rapid,1,61.225
24.0,156.0,rapid,1,71.407
25.0,204.0,non_rapid,1,28.211
19.0,191.0,rapid,1,25.158
32.0,2.0,non_rapid,1,25.197
22.0,364.0,non_rapid,1,24.197
19.0,550.0,non_rapid,1,25.158
21.0,468.0,rapid,1,35.0
25.0,3.0,non_rapid,1,67.263
24.0,177.0,non_rapid,1,24.055
28.0,411.0,non_rapid,1,35.0
25.0,70.0,non_rapid,1,55.177
24.0,84.0,rapid,1,50.197
24.0,737.0,non_rapid,1,24.197
32.0,375.0,non_rapid,1,25.197
25.0,272.0,non_rapid,1,30.0
43.0,115.0,rapid,1,130.285
21.0,482.0,non_rapid,1,24.003
32.0,208.0,rapid,1,24.0
42.0,87.0,rapid,1,45.056
5.0,423.0,non_rapid,1,24.197
32.0,195.0,non_rapid,1,51.0
25.0,269.0,rapid,1,30.000000000000004
13.0,617.0,non_rapid,1,25.197
19.0,295.0,non_rapid,1,25.158
21.0,747.0,rapid,1,24.003
21.0,165.0,non_rapid,1,24.003
20.0,268.0,rapid,1,42.139
25.0,559.0,rapid,1,55.177
21.0,240.0,rapid,1,45.003
32.0,605.0,non_rapid,1,25.197000000000003
21.0,451.0,rapid,1,24.003
32.0,31.0,rapid,1,110.01
42.0,520.0,rapid,1,45.056
21.0,111.0,non_rapid,1,24.629
24.0,542.0,non_rapid,1,24.197
20.0,443.0,non_rapid,1,33.177
21.0,606.0,non_rapid,1,24.003
19.0,228.0,rapid,1,45.158
25.0,263.0,rapid,1,27.151
21.0,182.0,non_rapid,1,24.003
25.0,273.0,non_rapid,1,31.133
21.0,420.0,rapid,1,24.003
19.0,391.0,rapid,1,45.158
19.0,636.0,non_rapid,1,25.158000000000005
21.0,759.0,non_rapid,1,24.003
21.0,244.0,rapid,1,59.0
32.0,94.0,non_rapid,1,25.197
21.0,338.0,non_rapid,1,40.003
32.0,115.0,non_rapid,1,51.0
25.0,750.0,rapid,1,30.0
24.0,253.0,rapid,1,48.057
21.0,480.0,non_rapid,1,50.003
19.0,406.0,non_rapid,1,25.158
42.0,735.0,non_rapid,1,45.056
20.0,2.0,non_rapid,1,40.0
19.0,719.0,non_rapid,1,50.56
42.0,223.0,rapid,1,45.056
19.0,253.0,non_rapid,1,37.153
30.0,458.0,non_rapid,1,25.158
24.0,479.0,non_rapid,1,25.197
32.0,168.0,non_rapid,1,25.197
25.0,201.0,rapid,1,55.177
19.0,714.0,rapid,1,25.158
15.0,318.0,non_rapid,1,30.166
25.0,68.0,non_rapid,1,30.0
21.0,260.0,non_rapid,1,24.003
24.0,21.0,non_rapid,1,24.0
19.0,750.0,non_rapid,1,35.119
24.0,441.0,non_rapid,1,24.0
20.0,582.0,rapid,1,25.139
13.0,314.0,rapid,1,25.197000000000003
19.0,592.0,non_rapid,1,25.158
13.0,21.0,non_rapid,1,25.197
20.0,184.0,non_rapid,1,39.99999999999999
42.0,460.0,rapid,1,45.056
21.0,517.0,non_rapid,1,35.0
21.0,402.0,rapid,1,41.00299999999999
21.0,42.0,non_rapid,1,45.003
4.0,126.0,non_rapid,1,25.197
25.0,542.0,non_rapid,1,55.177
47.0,411.0,rapid,1,33.93
32.0,578.0,non_rapid,1,19.443
24.0,92.0,non_rapid,1,25.197
13.0,7.0,non_rapid,1,25.197
25.0,192.0,non_rapid,1,27.177
21.0,26.0,non_rapid,1,24.003
21.0,386.0,non_rapid,1,24.003
21.0,725.0,rapid,1,24.629
21.0,621.0,non_rapid,1,44.233
24.0,289.0,rapid,1,24.197
47.0,415.0,rapid,1,29.93
24.0,118.0,non_rapid,1,52.337
15.0,329.0,non_rapid,1,45.166
25.0,103.0,non_rapid,1,28.210999999999995
20.0,84.0,rapid,1,42.139
21.0,542.0,non_rapid,1,50.003
20.0,254.0,rapid,1,33.177
21.0,411.0,non_rapid,1,35.0
32.0,85.0,non_rapid,1,51.0
28.0,502.0,non_rapid,1,35.0
19.0,653.0,non_rapid,1,25.158
32.0,0.0,rapid,1,35.0
21.0,383.0,rapid,1,50.003
25.0,287.0,rapid,1,28.211
25.0,558.0,rapid,1,46.177
20.0,86.0,non_rapid,1,25.139000000000003
19.0,731.0,non_rapid,1,88.718
28.0,383.0,rapid,1,35.0
23.0,737.0,non_rapid,1,88.897
25.0,184.0,rapid,1,31.133000000000003
47.0,596.0,non_rapid,1,29.93
25.0,693.0,rapid,1,30.0
16.0,191.0,rapid,1,30.12
13.0,115.0,rapid,1,27.0
25.0,171.0,rapid,1,28.211
32.0,708.0,non_rapid,1,25.197
16.0,267.0,non_rapid,1,50.12
25.0,460.0,non_rapid,1,30.0
2.0,0.0,non_rapid,1,92.375
21.0,75.0,non_rapid,1,24.003000000000004
15.0,229.0,non_rapid,1,0.0
19.0,240.0,non_rapid,1,50.56
13.0,753.0,non_rapid,1,25.197
25.0,440.0,non_rapid,1,27.177
19.0,671.0,rapid,1,25.158000000000005
25.0,241.0,non_rapid,1,27.177
20.0,49.0,rapid,1,25.139
32.0,743.0,rapid,1,53.5
19.0,577.0,rapid,1,85.06
25.0,206.0,rapid,1,27.177000000000003
24.0,251.0,rapid,1,45.197
25.0,111.0,non_rapid,1,55.177
25.0,304.0,rapid,1,46.177
25.0,289.0,non_rapid,1,55.177
28.0,511.0,rapid,1,35.0
28.0,310.0,non_rapid,1,199.047
21.0,20.0,non_rapid,1,24.629
13.0,172.0,non_rapid,1,25.197
25.0,459.0,non_rapid,1,27.177
43.0,184.0,non_rapid,1,25.197
21.0,502.0,non_rapid,1,35.0
28.0,727.0,rapid,1,35.0
21.0,552.0,rapid,1,24.003
30.0,751.0,non_rapid,1,25.158
19.0,238.0,non_rapid,1,50.56
15.0,267.0,rapid,1,30.067
21.0,93.0,non_rapid,1,24.003
12.0,310.0,rapid,1,75.354
21.0,413.0,non_rapid,1,44.233
21.0,381.0,non_rapid,1,39.663
32.0,251.0,non_rapid,1,31.366
25.0,96.0,non_rapid,1,28.210999999999995
25.0,227.0,rapid,1,28.211
32.0,727.0,rapid,1,45.0
25.0,260.0,rapid,1,30.0
47.0,251.0,non_rapid,1,61.225
42.0,0.0,non_rapid,1,60.056
21.0,518.0,non_rapid,1,24.629
24.0,172.0,non_rapid,1,25.197
21.0,716.0,non_rapid,1,24.003
21.0,215.0,non_rapid,1,24.003
25.0,594.0,non_rapid,1,27.151
19.0,558.0,rapid,1,45.158
25.0,189.0,non_rapid,1,27.151
25.0,115.0,rapid,1,30.0
21.0,558.0,rapid,1,59.0
25.0,119.0,non_rapid,1,28.211
13.0,157.0,non_rapid,1,25.197
19.0,68.0,non_rapid,1,25.158
25.0,617.0,rapid,1,27.151
25.0,554.0,non_rapid,1,27.177
21.0,289.0,non_rapid,1,24.003
24.0,620.0,non_rapid,1,22.197
19.0,716.0,non_rapid,1,25.158
21.0,518.0,rapid,1,59.0
24.0,737.0,rapid,1,93.899
16.0,617.0,rapid,1,30.257
32.0,54.0,non_rapid,1,25.197
47.0,383.0,non_rapid,1,66.919
25.0,189.0,rapid,1,27.151000000000003
19.0,386.0,rapid,1,25.158
47.0,599.0,rapid,1,34.93
24.0,733.0,non_rapid,1,22.197
2.0,616.0,non_rapid,1,25.197
32.0,409.0,non_rapid,1,25.197
32.0,324.0,rapid,1,25.197
13.0,0.0,rapid,1,27.0
25.0,85.0,non_rapid,1,55.177
25.0,453.0,non_rapid,1,31.133
24.0,121.0,non_rapid,1,25.197
21.0,487.0,rapid,1,45.003
24.0,254.0,non_rapid,1,25.197
16.0,230.0,rapid,1,45.0
25.0,278.0,non_rapid,1,27.151
5.0,17.0,rapid,1,24.055
21.0,585.0,non_rapid,1,24.003
15.0,713.0,rapid,1,45.166
25.0,191.0,rapid,1,31.133
30.0,397.0,non_rapid,1,25.158
19.0,717.0,rapid,1,25.158
25.0,675.0,non_rapid,1,27.177
14.0,96.0,rapid,1,25.197
22.0,84.0,non_rapid,1,25.0
25.0,98.0,rapid,1,27.151000000000003
42.0,323.0,non_rapid,1,45.056
24.0,616.0,non_rapid,1,25.197
30.0,552.0,non_rapid,1,25.158
19.0,748.0,rapid,1,35.119
42.0,745.0,non_rapid,1,45.056
25.0,347.0,rapid,1,45.0
16.0,216.0,rapid,1,45.0
13.0,542.0,rapid,1,37.0
42.0,237.0,non_rapid,1,45.056
28.0,465.0,rapid,1,126.077
13.0,267.0,rapid,1,39.0
19.0,42.0,non_rapid,1,25.158
24.0,103.0,non_rapid,1,25.197
21.0,240.0,non_rapid,1,45.003
25.0,76.0,non_rapid,1,28.211
25.0,215.0,rapid,1,55.177
25.0,706.0,non_rapid,1,27.177
43.0,165.0,rapid,1,25.197
21.0,540.0,rapid,1,59.0
25.0,139.0,non_rapid,1,30.0
24.0,734.0,non_rapid,1,24.197000000000003
21.0,714.0,rapid,1,59.0
42.0,253.0,non_rapid,1,45.056
21.0,408.0,non_rapid,1,24.629
24.0,85.0,non_rapid,1,24.197
20.0,170.0,non_rapid,1,40.0
20.0,170.0,rapid,1,40.0
36.0,2.0,rapid,1,41.0
24.0,170.0,non_rapid,1,25.197
42.0,402.0,non_rapid,1,45.056
25.0,396.0,non_rapid,1,27.177
25.0,214.0,non_rapid,1,27.177000000000003
47.0,618.0,non_rapid,1,29.93
24.0,171.0,non_rapid,1,24.197
16.0,526.0,non_rapid,1,30.25700000000001
32.0,337.0,non_rapid,1,25.197
25.0,730.0,non_rapid,1,27.176999999999992
25.0,182.0,non_rapid,1,28.211
25.0,597.0,non_rapid,1,30.000000000000004
22.0,1.0,rapid,1,22.197
21.0,526.0,rapid,1,24.003
42.0,750.0,non_rapid,1,45.056
23.0,744.0,rapid,1,88.897
21.0,452.0,rapid,1,24.629
28.0,229.0,rapid,1,35.0
21.0,86.0,non_rapid,1,24.003
19.0,432.0,non_rapid,1,25.158
28.0,417.0,non_rapid,1,35.0
24.0,229.0,rapid,1,24.197
24.0,729.0,rapid,1,38.908
25.0,432.0,non_rapid,1,27.177
32.0,24.0,non_rapid,1,25.197
24.0,289.0,non_rapid,1,24.197
25.0,342.0,non_rapid,1,31.133
5.0,96.0,rapid,1,24.197
21.0,419.0,rapid,1,24.003000000000004
20.0,415.0,rapid,1,42.139
28.0,515.0,non_rapid,1,35.0
25.0,410.0,non_rapid,1,30.0
27.0,251.0,non_rapid,1,25.197
25.0,105.0,rapid,1,30.0
47.0,734.0,non_rapid,1,29.93
28.0,542.0,non_rapid,1,35.0
24.0,703.0,rapid,1,45.0
12.0,284.0,non_rapid,1,74.732
25.0,68.0,rapid,1,74.04499999999999
24.0,567.0,rapid,1,49.137
42.0,466.0,non_rapid,1,35.0
12.0,744.0,rapid,1,30.189
24.0,109.0,non_rapid,1,25.197
25.0,637.0,rapid,1,46.177
16.0,323.0,rapid,1,30.120000000000005
12.0,542.0,non_rapid,1,50.789
31.0,128.0,non_rapid,1,25.197
16.0,178.0,rapid,1,30.257
30.0,588.0,non_rapid,1,25.158
47.0,410.0,rapid,1,29.93
13.0,744.0,non_rapid,1,80.815
21.0,261.0,rapid,1,24.003
24.0,249.0,rapid,1,36.134
24.0,89.0,non_rapid,1,66.567
30.0,115.0,non_rapid,1,25.158
16.0,320.0,non_rapid,1,30.257
12.0,33.0,rapid,1,40.999
12.0,3.0,rapid,1,30.189
21.0,508.0,rapid,1,59.0
24.0,608.0,rapid,1,45.197
42.0,517.0,non_rapid,1,45.056
21.0,113.0,non_rapid,1,24.629
25.0,119.0,rapid,1,74.04500000000002
20.0,314.0,non_rapid,1,30.052
25.0,761.0,rapid,1,55.177
13.0,16.0,non_rapid,1,27.0
21.0,548.0,rapid,1,59.0
42.0,138.0,non_rapid,1,45.056
21.0,489.0,non_rapid,1,35.0
19.0,734.0,non_rapid,1,25.158
19.0,228.0,non_rapid,1,25.158
21.0,21.0,rapid,1,59.00000000000001
25.0,314.0,non_rapid,1,27.177
24.0,708.0,rapid,1,36.474
21.0,230.0,rapid,1,59.0
13.0,310.0,non_rapid,1,25.000000000000004
4.0,175.0,non_rapid,1,25.197
15.0,423.0,non_rapid,1,50.166
32.0,120.0,non_rapid,1,25.197
25.0,320.0,rapid,1,31.133
32.0,381.0,rapid,1,51.0
29.0,0.0,non_rapid,1,24.0
25.0,179.0,rapid,1,30.0
30.0,725.0,non_rapid,1,25.158
12.0,9.0,non_rapid,1,74.732
24.0,546.0,non_rapid,1,27.197
24.0,554.0,non_rapid,1,24.129
25.0,305.0,rapid,1,28.21100000000001
32.0,422.0,non_rapid,1,25.197
20.0,751.0,non_rapid,1,25.139
28.0,528.0,non_rapid,1,35.0
21.0,445.0,rapid,1,24.629
28.0,241.0,rapid,1,126.077
28.0,411.0,rapid,1,37.0
32.0,111.0,rapid,1,45.0
25.0,191.0,rapid,1,28.211
22.0,536.0,non_rapid,1,24.197
32.0,542.0,rapid,1,35.0
25.0,323.0,non_rapid,1,30.000000000000004
42.0,304.0,non_rapid,1,55.05599999999999
15.0,658.0,non_rapid,1,30.067
19.0,413.0,non_rapid,1,25.158
16.0,215.0,non_rapid,1,30.257
25.0,753.0,rapid,1,27.177
21.0,521.0,non_rapid,1,24.003
24.0,267.0,non_rapid,1,47.347
24.0,539.0,rapid,1,45.0
19.0,52.0,non_rapid,1,88.718
24.0,146.0,non_rapid,1,25.197
21.0,721.0,non_rapid,1,24.003
24.0,229.0,non_rapid,1,24.197
20.0,184.0,non_rapid,1,25.139
21.0,621.0,rapid,1,24.003
13.0,120.0,non_rapid,1,25.197
21.0,92.0,non_rapid,1,24.003
21.0,364.0,non_rapid,1,54.04299999999999
42.0,539.0,non_rapid,1,45.056
25.0,533.0,non_rapid,1,27.177
24.0,725.0,non_rapid,1,24.0
35.0,0.0,rapid,1,37.0
21.0,693.0,non_rapid,1,24.003
13.0,94.0,non_rapid,1,24.0
15.0,304.0,rapid,1,45.0
30.0,560.0,non_rapid,1,25.158
25.0,462.0,rapid,1,27.151000000000003
4.0,108.0,non_rapid,1,25.197
19.0,620.0,rapid,1,45.158
21.0,495.0,non_rapid,1,35.0
12.0,254.0,rapid,1,30.189
11.0,161.0,rapid,1,91.358
28.0,364.0,rapid,1,67.99999999999999
24.0,37.0,rapid,1,89.56
20.0,726.0,rapid,1,40.0
15.0,21.0,rapid,1,30.166
19.0,714.0,rapid,1,35.119
32.0,54.0,rapid,1,35.0
25.0,437.0,non_rapid,1,27.177
30.0,749.0,non_rapid,1,25.158
2.0,542.0,non_rapid,1,25.197
25.0,751.0,rapid,1,53.0
19.0,110.0,non_rapid,1,25.158
21.0,459.0,non_rapid,1,35.0
19.0,289.0,non_rapid,1,85.06
19.0,381.0,non_rapid,1,50.56
21.0,165.0,non_rapid,1,50.003
28.0,491.0,non_rapid,1,35.0
0.0,54.0,rapid,1,37.0
21.0,64.0,rapid,1,24.003000000000004
32.0,253.0,non_rapid,1,25.197000000000003
25.0,599.0,non_rapid,1,30.0
22.0,320.0,non_rapid,1,20.197
17.0,542.0,non_rapid,1,37.153
16.0,69.0,non_rapid,1,30.257
25.0,2.0,non_rapid,1,27.177
25.0,284.0,non_rapid,1,27.177
19.0,54.0,non_rapid,1,25.158
47.0,251.0,rapid,1,29.93
30.0,558.0,non_rapid,1,25.158
47.0,62.0,rapid,1,29.93
25.0,383.0,rapid,1,55.177
19.0,278.0,rapid,1,25.158
40.0,584.0,rapid,1,39.0
20.0,215.0,non_rapid,1,33.177
24.0,708.0,non_rapid,1,25.197
24.0,13.0,non_rapid,1,24.129000000000005
17.0,598.0,non_rapid,1,37.153
30.0,240.0,non_rapid,1,25.158
32.0,260.0,non_rapid,1,35.00000000000001
42.0,260.0,non_rapid,1,45.056
28.0,515.0,rapid,1,35.0
36.0,205.0,non_rapid,1,25.197
19.0,565.0,non_rapid,1,25.158
12.0,743.0,rapid,1,30.189
32.0,253.0,rapid,1,81.0
13.0,2.0,rapid,1,25.0
21.0,615.0,non_rapid,1,24.629
22.0,749.0,non_rapid,1,70.561
21.0,578.0,rapid,1,24.629
24.0,621.0,rapid,1,45.197
24.0,168.0,non_rapid,1,24.197
21.0,388.0,rapid,1,59.0
44.0,703.0,rapid,1,39.0
19.0,591.0,non_rapid,1,25.158
25.0,221.0,rapid,1,27.177
24.0,174.0,non_rapid,1,25.197
21.0,2.0,non_rapid,1,35.0
16.0,253.0,rapid,1,30.0
2.0,135.0,non_rapid,1,92.375
19.0,585.0,rapid,1,45.158
12.0,699.0,non_rapid,1,50.789
21.0,354.0,non_rapid,1,24.003
21.0,748.0,rapid,1,24.003
28.0,519.0,rapid,1,34.99999999999999
42.0,333.0,non_rapid,1,45.056
16.0,423.0,rapid,1,50.0
4.0,423.0,non_rapid,1,20.197
20.0,209.0,rapid,1,42.139
32.0,737.0,non_rapid,1,19.443
21.0,191.0,rapid,1,24.629
21.0,545.0,rapid,1,24.003
43.0,746.0,rapid,1,39.0
16.0,208.0,non_rapid,1,30.12
25.0,86.0,non_rapid,1,27.151
19.0,120.0,rapid,1,25.158
21.0,616.0,rapid,1,59.0
20.0,240.0,non_rapid,1,33.17699999999999
42.0,382.0,non_rapid,1,45.056
21.0,516.0,non_rapid,1,24.003
21.0,633.0,rapid,1,59.00000000000001
31.0,423.0,non_rapid,1,25.197
32.0,347.0,rapid,1,25.197
13.0,577.0,non_rapid,1,25.197
12.0,3.0,non_rapid,1,60.378
25.0,75.0,rapid,1,27.151
21.0,127.0,rapid,1,59.0
24.0,155.0,non_rapid,1,24.081
15.0,341.0,non_rapid,1,30.166
25.0,428.0,rapid,1,27.177
19.0,84.0,rapid,1,25.158
25.0,26.0,rapid,1,27.0
25.0,31.0,non_rapid,1,55.177
43.0,157.0,non_rapid,1,25.197
25.0,383.0,non_rapid,1,55.177
21.0,317.0,rapid,1,59.0
20.0,749.0,non_rapid,1,65.139
20.0,24.0,rapid,1,33.17700000000001
30.0,3.0,non_rapid,1,25.158
13.0,212.0,rapid,1,27.0
25.0,100.0,non_rapid,1,30.0
32.0,82.0,non_rapid,1,51.0
28.0,520.0,non_rapid,1,83.852
32.0,13.0,rapid,1,45.197
15.0,343.0,non_rapid,1,30.067
12.0,380.0,rapid,1,50.789
25.0,234.0,non_rapid,1,30.000000000000004
21.0,457.0,rapid,1,59.0
21.0,225.0,non_rapid,1,24.629
25.0,699.0,non_rapid,1,28.211
25.0,644.0,rapid,1,45.0
32.0,330.0,non_rapid,1,31.21
28.0,241.0,rapid,1,35.00000000000001
19.0,747.0,non_rapid,1,35.119
12.0,693.0,rapid,1,30.189000000000004
32.0,22.0,non_rapid,1,35.0
30.0,571.0,non_rapid,1,25.158
5.0,42.0,non_rapid,1,24.197
19.0,695.0,rapid,1,45.158
30.0,0.0,rapid,1,25.158
28.0,253.0,non_rapid,1,35.0
25.0,150.0,rapid,1,53.0
20.0,119.0,rapid,1,25.139
32.0,137.0,rapid,1,50.99999999999999
13.0,196.0,non_rapid,1,25.197
25.0,163.0,non_rapid,1,27.177
19.0,0.0,non_rapid,1,77.339
20.0,535.0,rapid,1,40.0
15.0,251.0,non_rapid,1,0.0
43.0,146.0,non_rapid,1,25.197
24.0,397.0,non_rapid,1,25.197
24.0,535.0,rapid,1,24.0
13.0,118.0,rapid,1,45.197
25.0,391.0,non_rapid,1,30.0
24.0,11.0,non_rapid,1,25.197
25.0,748.0,rapid,1,55.177
4.0,3.0,rapid,1,25.197
4.0,139.0,rapid,1,25.197
32.0,84.0,rapid,1,51.0
22.0,423.0,rapid,1,22.197000000000003
22.0,721.0,rapid,1,24.055
24.0,176.0,non_rapid,1,25.197
13.0,267.0,non_rapid,1,27.0
20.0,128.0,rapid,1,25.139
13.0,116.0,non_rapid,1,24.0
4.0,98.0,non_rapid,1,25.197000000000003
32.0,103.0,rapid,1,25.0
25.0,606.0,rapid,1,27.177
32.0,0.0,rapid,1,50.197
21.0,104.0,rapid,1,24.003
43.0,423.0,non_rapid,1,25.197
32.0,214.0,non_rapid,1,51.0
21.0,659.0,non_rapid,1,24.003
15.0,175.0,rapid,1,45.166
23.0,0.0,non_rapid,1,24.197
25.0,563.0,non_rapid,1,28.177000000000007
4.0,251.0,non_rapid,1,25.197
15.0,336.0,non_rapid,1,50.166
43.0,494.0,non_rapid,1,25.197
24.0,146.0,non_rapid,1,49.137
20.0,230.0,rapid,1,33.177
12.0,406.0,non_rapid,1,30.189
20.0,0.0,rapid,1,65.139
20.0,139.0,rapid,1,33.177
47.0,111.0,non_rapid,1,33.93
6.0,423.0,rapid,1,37.0
16.0,378.0,rapid,1,50.0
19.0,403.0,non_rapid,1,77.339
24.0,621.0,rapid,1,46.817
30.0,557.0,non_rapid,1,25.158
21.0,441.0,non_rapid,1,24.003
21.0,735.0,rapid,1,24.003
25.0,255.0,non_rapid,1,67.263
21.0,417.0,non_rapid,1,35.0
25.0,87.0,rapid,1,27.151
21.0,551.0,rapid,1,59.0
25.0,462.0,non_rapid,1,27.151
4.0,115.0,non_rapid,1,25.197
3.0,115.0,rapid,1,93.79
24.0,330.0,rapid,1,45.197
42.0,397.0,rapid,1,45.056
24.0,244.0,non_rapid,1,48.057
21.0,305.0,non_rapid,1,24.003
28.0,512.0,rapid,1,35.0
20.0,267.0,rapid,1,65.139
42.0,416.0,rapid,1,45.056
28.0,562.0,rapid,1,35.0
24.0,750.0,rapid,1,65.197
12.0,520.0,non_rapid,1,30.189
19.0,557.0,non_rapid,1,37.153
28.0,390.0,non_rapid,1,35.0
24.0,120.0,non_rapid,1,25.197
15.0,582.0,rapid,1,30.166
24.0,382.0,non_rapid,1,25.197
25.0,0.0,non_rapid,1,31.133
43.0,2.0,rapid,1,25.197
25.0,350.0,non_rapid,1,27.177
25.0,100.0,rapid,1,28.211
31.0,116.0,non_rapid,1,25.197
25.0,761.0,rapid,1,28.211
19.0,723.0,rapid,1,45.158
25.0,331.0,non_rapid,1,30.0
16.0,381.0,non_rapid,1,30.257
47.0,0.0,rapid,1,29.930000000000003
25.0,554.0,rapid,1,55.17700000000001
28.0,482.0,non_rapid,1,35.0
16.0,85.0,rapid,1,30.12
43.0,584.0,non_rapid,1,25.197
32.0,212.0,non_rapid,1,24.0
19.0,547.0,rapid,1,62.838
42.0,342.0,rapid,1,45.056
25.0,179.0,non_rapid,1,55.177
32.0,747.0,rapid,1,72.0
21.0,489.0,rapid,1,24.003
42.0,457.0,non_rapid,1,45.056
24.0,68.0,non_rapid,1,47.347
32.0,141.0,non_rapid,1,25.197
15.0,86.0,non_rapid,1,30.166
25.0,634.0,rapid,1,53.0
19.0,215.0,non_rapid,1,25.158
25.0,272.0,rapid,1,53.0
25.0,302.0,rapid,1,55.177
19.0,752.0,rapid,1,35.119
20.0,109.0,non_rapid,1,30.052
21.0,105.0,rapid,1,24.003
43.0,161.0,non_rapid,1,25.197
42.0,546.0,rapid,1,45.056
24.0,349.0,non_rapid,1,25.197
42.0,751.0,rapid,1,45.056
16.0,198.0,non_rapid,1,30.12
32.0,485.0,rapid,1,92.0
21.0,446.0,non_rapid,1,24.629
28.0,421.0,non_rapid,1,35.0
32.0,562.0,rapid,1,35.0
25.0,521.0,non_rapid,1,27.151
2.0,118.0,non_rapid,1,85.798
32.0,174.0,non_rapid,1,25.197
32.0,381.0,non_rapid,1,25.197
19.0,86.0,non_rapid,1,68.193
21.0,179.0,non_rapid,1,24.003
19.0,711.0,rapid,1,45.158
13.0,542.0,non_rapid,1,50.394
24.0,68.0,rapid,1,40.48700000000001
42.0,412.0,rapid,1,50.056
21.0,562.0,non_rapid,1,35.0
32.0,9.0,rapid,1,25.0
24.0,462.0,non_rapid,1,25.197
12.0,2.0,non_rapid,1,30.189
19.0,757.0,rapid,1,35.119
19.0,712.0,non_rapid,1,25.158
28.0,659.0,non_rapid,1,35.0
39.0,750.0,rapid,1,53.5
24.0,109.0,non_rapid,1,25.197000000000003
43.0,174.0,non_rapid,1,25.197
20.0,169.0,rapid,1,42.139
24.0,152.0,non_rapid,1,24.129
25.0,421.0,non_rapid,1,27.177
21.0,758.0,non_rapid,1,24.003
19.0,612.0,rapid,1,50.56000000000001
43.0,86.0,non_rapid,1,25.197
42.0,208.0,non_rapid,1,45.056
24.0,667.0,rapid,1,24.197
19.0,240.0,rapid,1,77.339
16.0,84.0,non_rapid,1,50.0
13.0,584.0,rapid,1,25.197
43.0,708.0,non_rapid,1,25.197
25.0,151.0,rapid,1,28.211
47.0,590.0,non_rapid,1,29.93
15.0,561.0,non_rapid,1,50.166
24.0,367.0,non_rapid,1,65.197
31.0,723.0,non_rapid,1,25.197
25.0,442.0,rapid,1,27.151
25.0,229.0,non_rapid,1,55.177
19.0,52.0,rapid,1,88.718
25.0,244.0,non_rapid,1,31.133
4.0,144.0,rapid,1,25.197000000000003
20.0,84.0,non_rapid,1,40.0
19.0,751.0,rapid,1,45.158
42.0,699.0,rapid,1,45.056
24.0,300.0,rapid,1,24.055
25.0,397.0,non_rapid,1,31.133
32.0,541.0,rapid,1,35.0
13.0,268.0,non_rapid,1,25.197
25.0,176.0,non_rapid,1,30.000000000000004
19.0,749.0,non_rapid,1,35.119
25.0,168.0,non_rapid,1,27.151
24.0,324.0,non_rapid,1,25.197
25.0,733.0,rapid,1,30.0
40.0,230.0,rapid,1,55.5
30.0,620.0,non_rapid,1,25.158
42.0,760.0,non_rapid,1,45.056
19.0,742.0,rapid,1,35.119
32.0,748.0,rapid,1,39.0
25.0,84.0,non_rapid,1,55.177
28.0,429.0,non_rapid,1,35.0
13.0,188.0,rapid,1,36.99999999999999
28.0,406.0,rapid,1,37.0
19.0,758.0,rapid,1,45.158
32.0,401.0,non_rapid,1,25.197
22.0,34.0,non_rapid,1,24.055
15.0,251.0,rapid,1,45.166
24.0,84.0,non_rapid,1,25.197
25.0,353.0,non_rapid,1,30.0
32.0,139.0,rapid,1,51.0
15.0,104.0,rapid,1,30.166
13.0,201.0,non_rapid,1,92.375
25.0,126.0,rapid,1,53.0
22.0,330.0,non_rapid,1,24.055
25.0,109.0,rapid,1,28.211
24.0,423.0,non_rapid,1,25.0
24.0,166.0,rapid,1,24.055
4.0,118.0,non_rapid,1,24.0
25.0,36.0,rapid,1,28.211
19.0,562.0,non_rapid,1,50.56
24.0,415.0,non_rapid,1,24.055
24.0,117.0,non_rapid,1,25.197
7.0,0.0,rapid,1,24.055
21.0,289.0,rapid,1,39.663
13.0,16.0,rapid,1,27.0
21.0,613.0,non_rapid,1,40.003
22.0,464.0,non_rapid,1,24.055
32.0,151.0,non_rapid,1,25.197
25.0,195.0,non_rapid,1,55.177
25.0,179.0,non_rapid,1,27.177
4.0,65.0,non_rapid,1,25.197
4.0,633.0,rapid,1,25.197
16.0,87.0,rapid,1,50.0
24.0,228.0,non_rapid,1,24.197
25.0,711.0,non_rapid,1,30.0
32.0,588.0,non_rapid,1,27.0
21.0,54.0,non_rapid,1,45.003
16.0,423.0,rapid,1,30.257
25.0,120.0,non_rapid,1,28.211
32.0,215.0,non_rapid,1,25.197
13.0,584.0,non_rapid,1,25.197
24.0,621.0,non_rapid,1,24.197
24.0,364.0,non_rapid,1,24.197
21.0,54.0,non_rapid,1,24.003
19.0,750.0,non_rapid,1,25.158
42.0,418.0,rapid,1,45.056
5.0,124.0,rapid,1,24.197
16.0,244.0,non_rapid,1,30.257
19.0,609.0,non_rapid,1,50.56
20.0,403.0,non_rapid,1,25.139
32.0,31.0,non_rapid,1,24.0
24.0,354.0,non_rapid,1,28.197
25.0,52.0,non_rapid,1,30.0
24.0,17.0,rapid,1,53.517
16.0,86.0,non_rapid,1,30.0
21.0,352.0,non_rapid,1,24.003
21.0,275.0,non_rapid,1,24.003
12.0,576.0,rapid,1,30.189
42.0,468.0,non_rapid,1,45.056
22.0,750.0,non_rapid,1,22.197
28.0,494.0,rapid,1,79.204
24.0,267.0,non_rapid,1,130.394
32.0,332.0,non_rapid,1,25.197
21.0,330.0,rapid,1,24.003
24.0,99.0,rapid,1,37.0
25.0,748.0,rapid,1,27.177
24.0,633.0,rapid,1,24.0
32.0,49.0,rapid,1,102.0
25.0,34.0,non_rapid,1,31.133
24.0,230.0,non_rapid,1,41.597
24.0,85.0,rapid,1,65.197
25.0,295.0,non_rapid,1,67.263
24.0,713.0,rapid,1,22.197000000000003
1.0,505.0,non_rapid,1,25.197
15.0,295.0,non_rapid,1,50.166
12.0,9.0,rapid,1,30.189
42.0,459.0,non_rapid,1,45.056
22.0,711.0,rapid,1,22.197
43.0,196.0,non_rapid,1,25.197
43.0,24.0,non_rapid,1,25.197
21.0,633.0,non_rapid,1,24.003
25.0,392.0,non_rapid,1,31.133
12.0,31.0,rapid,1,30.189
32.0,3.0,non_rapid,1,24.0
25.0,428.0,non_rapid,1,27.177
43.0,182.0,rapid,1,25.197
32.0,168.0,rapid,1,51.0
21.0,410.0,non_rapid,1,44.233
32.0,251.0,rapid,1,50.197
24.0,240.0,non_rapid,1,25.197
24.0,637.0,non_rapid,1,25.197
24.0,79.0,non_rapid,1,22.197
25.0,112.0,non_rapid,1,55.177
19.0,276.0,non_rapid,1,25.158
21.0,214.0,rapid,1,24.003
13.0,734.0,non_rapid,1,25.197
47.0,193.0,non_rapid,1,59.86
24.0,606.0,non_rapid,1,25.197000000000003
16.0,189.0,non_rapid,1,30.257
24.0,42.0,non_rapid,1,25.0
20.0,240.0,rapid,1,25.139
12.0,671.0,non_rapid,1,50.515
43.0,34.0,rapid,1,37.0
13.0,582.0,rapid,1,42.5
19.0,562.0,non_rapid,1,25.158
24.0,169.0,rapid,1,45.0
25.0,136.0,rapid,1,27.151000000000003
42.0,294.0,non_rapid,1,45.056
32.0,253.0,rapid,1,51.0
25.0,165.0,non_rapid,1,30.0
28.0,571.0,rapid,1,35.0
28.0,415.0,rapid,1,35.0
30.0,562.0,non_rapid,1,25.158
12.0,267.0,rapid,1,75.35399999999998
28.0,490.0,non_rapid,1,35.0
28.0,542.0,rapid,1,35.0
19.0,397.0,non_rapid,1,25.158
25.0,432.0,rapid,1,27.151000000000003
47.0,601.0,rapid,1,33.93
25.0,441.0,non_rapid,1,27.151000000000003
43.0,731.0,non_rapid,1,25.197
21.0,613.0,rapid,1,59.0
15.0,54.0,rapid,1,30.166
19.0,545.0,rapid,1,68.193
28.0,489.0,non_rapid,1,199.047
22.0,146.0,rapid,1,74.177
25.0,317.0,non_rapid,1,27.177
24.0,219.0,non_rapid,1,24.197
25.0,237.0,non_rapid,1,27.177000000000003
14.0,168.0,rapid,1,25.197
24.0,744.0,non_rapid,1,24.197
24.0,542.0,rapid,1,24.197
19.0,569.0,rapid,1,45.158
21.0,21.0,non_rapid,1,24.003000000000004
20.0,267.0,rapid,1,40.0
25.0,714.0,rapid,1,55.177
21.0,196.0,rapid,1,50.003
21.0,477.0,rapid,1,59.0
15.0,332.0,rapid,1,45.166
42.0,240.0,non_rapid,1,45.056
21.0,642.0,non_rapid,1,24.629
25.0,542.0,rapid,1,31.133000000000003
28.0,585.0,non_rapid,1,35.0
25.0,440.0,rapid,1,55.177
21.0,214.0,non_rapid,1,24.003
32.0,423.0,rapid,1,51.0
5.0,260.0,non_rapid,1,24.129
19.0,760.0,non_rapid,1,25.158000000000005
21.0,602.0,rapid,1,59.0
47.0,422.0,non_rapid,1,61.225
25.0,582.0,non_rapid,1,27.151000000000003
24.0,748.0,non_rapid,1,24.055
28.0,598.0,rapid,1,35.0
21.0,459.0,non_rapid,1,50.003
19.0,110.0,rapid,1,25.158
25.0,240.0,rapid,1,55.177
24.0,716.0,rapid,1,22.197
32.0,86.0,non_rapid,1,25.197
32.0,96.0,rapid,1,35.0
21.0,453.0,rapid,1,24.003
25.0,435.0,non_rapid,1,27.177000000000003
47.0,211.0,non_rapid,1,29.93
5.0,1.0,rapid,1,24.129
32.0,289.0,rapid,1,25.197000000000006
24.0,31.0,non_rapid,1,24.0
21.0,398.0,rapid,1,59.0
20.0,749.0,rapid,1,42.139
25.0,266.0,non_rapid,1,31.133000000000003
41.0,123.0,non_rapid,1,24.999999999999996
20.0,107.0,rapid,1,30.052
24.0,754.0,non_rapid,1,24.055
13.0,520.0,non_rapid,1,25.197
42.0,392.0,rapid,1,45.056
25.0,364.0,rapid,1,55.177
24.0,363.0,rapid,1,24.197
25.0,496.0,rapid,1,27.151
19.0,719.0,rapid,1,25.158
22.0,267.0,rapid,1,20.197
24.0,494.0,non_rapid,1,25.197000000000003
32.0,175.0,rapid,1,75.5
15.0,620.0,rapid,1,45.166
25.0,380.0,non_rapid,1,31.133
19.0,415.0,non_rapid,1,25.158
25.0,297.0,non_rapid,1,27.151
12.0,554.0,rapid,1,50.78900000000001
21.0,88.0,non_rapid,1,28.32
24.0,709.0,rapid,1,99.5
47.0,254.0,non_rapid,1,66.919
32.0,527.0,non_rapid,1,25.197
30.0,634.0,non_rapid,1,25.158
32.0,2.0,rapid,1,100.603
24.0,620.0,non_rapid,1,40.567
42.0,173.0,rapid,1,45.056
13.0,705.0,non_rapid,1,25.197
25.0,750.0,rapid,1,28.211
25.0,48.0,non_rapid,1,27.151
19.0,742.0,non_rapid,1,35.119
25.0,311.0,non_rapid,1,28.211
13.0,208.0,rapid,1,25.197
13.0,381.0,non_rapid,1,25.197
25.0,377.0,rapid,1,27.151
28.0,0.0,rapid,1,35.0
25.0,184.0,rapid,1,55.177
25.0,332.0,rapid,1,28.211
21.0,612.0,non_rapid,1,24.003
24.0,708.0,non_rapid,1,24.197
24.0,292.0,rapid,1,20.197
25.0,337.0,non_rapid,1,27.151
19.0,89.0,non_rapid,1,35.119
25.0,85.0,non_rapid,1,30.0
17.0,731.0,non_rapid,1,37.153
25.0,191.0,rapid,1,55.17699999999999
25.0,240.0,rapid,1,31.133000000000003
42.0,452.0,non_rapid,1,45.056
24.0,201.0,rapid,1,45.197
24.0,746.0,rapid,1,83.662
24.0,215.0,non_rapid,1,24.000000000000004
13.0,337.0,non_rapid,1,25.197
20.0,245.0,non_rapid,1,25.139
19.0,320.0,non_rapid,1,36.242
25.0,286.0,non_rapid,1,27.177
16.0,214.0,non_rapid,1,30.257
24.0,559.0,non_rapid,1,25.197000000000003
12.0,9.0,rapid,1,75.354
24.0,149.0,non_rapid,1,22.197
30.0,559.0,non_rapid,1,25.158
32.0,725.0,non_rapid,1,25.197
47.0,742.0,rapid,1,33.93
30.0,108.0,non_rapid,1,25.158
16.0,310.0,non_rapid,1,30.257
25.0,584.0,non_rapid,1,27.151
21.0,744.0,rapid,1,24.629
25.0,295.0,rapid,1,31.133
25.0,620.0,rapid,1,28.211
25.0,563.0,rapid,1,55.177
43.0,401.0,non_rapid,1,25.197
24.0,311.0,non_rapid,1,24.197
24.0,744.0,rapid,1,24.197
25.0,299.0,non_rapid,1,30.0
24.0,79.0,non_rapid,1,40.487
25.0,31.0,non_rapid,1,27.151000000000007
32.0,208.0,non_rapid,1,25.197
25.0,167.0,rapid,1,27.177
19.0,701.0,non_rapid,1,35.119
21.0,381.0,non_rapid,1,35.0
19.0,712.0,non_rapid,1,35.119
21.0,302.0,rapid,1,59.0
25.0,468.0,non_rapid,1,27.177
25.0,318.0,rapid,1,30.0
40.0,542.0,non_rapid,1,24.0
21.0,39.0,non_rapid,1,24.629
20.0,381.0,rapid,1,65.139
25.0,170.0,rapid,1,46.177
25.0,475.0,rapid,1,30.0
21.0,388.0,non_rapid,1,24.003
24.0,152.0,rapid,1,24.129
25.0,291.0,non_rapid,1,28.211
24.0,151.0,non_rapid,1,25.197
43.0,251.0,rapid,1,42.5
19.0,576.0,rapid,1,25.158
42.0,421.0,non_rapid,1,270.831
42.0,733.0,non_rapid,1,45.056
24.0,660.0,non_rapid,1,25.197
25.0,551.0,rapid,1,31.133000000000003
25.0,294.0,rapid,1,30.0
16.0,219.0,rapid,1,50.0
5.0,374.0,non_rapid,1,24.129
13.0,117.0,non_rapid,1,24.0
24.0,15.0,non_rapid,1,46.817
25.0,215.0,non_rapid,1,55.177
32.0,22.0,rapid,1,50.99999999999999
43.0,527.0,non_rapid,1,25.197
24.0,562.0,non_rapid,1,24.197
21.0,44.0,rapid,1,50.003
25.0,219.0,non_rapid,1,28.177
32.0,197.0,rapid,1,84.80999999999999
19.0,703.0,non_rapid,1,45.158
21.0,696.0,non_rapid,1,24.003
20.0,173.0,non_rapid,1,40.0
32.0,148.0,rapid,1,86.5
20.0,171.0,non_rapid,1,25.139000000000003
36.0,0.0,rapid,1,39.0
21.0,387.0,non_rapid,1,24.003
21.0,364.0,non_rapid,1,50.003
47.0,417.0,rapid,1,29.93
20.0,24.0,non_rapid,1,33.177
42.0,565.0,rapid,1,45.056
42.0,584.0,rapid,1,45.056
42.0,289.0,rapid,1,45.056
25.0,288.0,non_rapid,1,30.0
21.0,408.0,rapid,1,24.003
32.0,745.0,rapid,1,45.0
14.0,253.0,rapid,1,50.394
25.0,560.0,non_rapid,1,55.177
19.0,421.0,rapid,1,45.158
32.0,621.0,non_rapid,1,19.443
24.0,85.0,non_rapid,1,25.197
24.0,187.0,non_rapid,1,24.197
42.0,734.0,non_rapid,1,45.056
19.0,393.0,non_rapid,1,25.158
25.0,215.0,rapid,1,31.133
21.0,445.0,rapid,1,50.003
25.0,563.0,rapid,1,27.151000000000007
25.0,719.0,rapid,1,27.151
25.0,723.0,non_rapid,1,30.0
24.0,165.0,non_rapid,1,24.0
24.0,608.0,non_rapid,1,24.0
24.0,150.0,rapid,1,49.137
24.0,173.0,rapid,1,20.197
32.0,396.0,non_rapid,1,25.197
42.0,2.0,non_rapid,1,55.05599999999998
2.0,324.0,rapid,1,57.5
28.0,459.0,non_rapid,1,35.0
30.0,85.0,non_rapid,1,25.158
25.0,464.0,non_rapid,1,27.177000000000003
32.0,42.0,non_rapid,1,25.197
25.0,34.0,rapid,1,31.133
24.0,42.0,non_rapid,1,28.197
25.0,546.0,rapid,1,53.0
21.0,498.0,non_rapid,1,35.0
