WAREHOUSE_CODE,CENTRAL_PINCODE,DELIVERY_PARTNERS_CODE,Count
0.0,0.0,1,1
0.0,85.0,1,3613
1.0,3.0,1,8776
2.0,3.0,1,9381
3.0,139.0,1,677
4.0,85.0,1,2216
4.0,86.0,1,37
5.0,0.0,1,8897
6.0,3.0,1,9868
7.0,2.0,1,41
8.0,2.0,1,918
9.0,84.0,1,489
9.0,85.0,1,282
9.0,86.0,1,268
10.0,3.0,1,1065
11.0,3.0,1,5760
12.0,0.0,9,1
12.0,2.0,9,1
12.0,3.0,9,3
12.0,11.0,10,2
12.0,54.0,8,1
12.0,84.0,9,1
12.0,104.0,9,1
12.0,112.0,9,1
12.0,115.0,9,1
12.0,123.0,9,1
12.0,132.0,9,1
12.0,216.0,10,1
12.0,229.0,9,1
12.0,267.0,12,1
12.0,289.0,10,2
12.0,310.0,9,3
12.0,317.0,9,1
12.0,330.0,9,1
12.0,334.0,9,1
12.0,353.0,9,1
12.0,380.0,9,1
12.0,381.0,10,3
12.0,388.0,9,1
12.0,397.0,9,1
12.0,402.0,10,2
12.0,403.0,4,1
12.0,410.0,9,1
12.0,415.0,9,1
12.0,423.0,9,6
12.0,428.0,9,1
12.0,439.0,9,1
12.0,442.0,9,1
12.0,443.0,9,3
12.0,450.0,9,1
12.0,462.0,9,1
12.0,464.0,9,3
12.0,469.0,9,1
12.0,517.0,10,1
12.0,525.0,9,1
12.0,539.0,9,1
12.0,542.0,9,3
12.0,552.0,10,1
12.0,558.0,10,1
12.0,569.0,9,1
12.0,570.0,10,1
12.0,571.0,9,567
12.0,572.0,6,24
12.0,573.0,9,128
12.0,574.0,12,122
12.0,575.0,9,416
12.0,577.0,9,1
12.0,582.0,10,1
12.0,592.0,10,1
12.0,603.0,10,3
12.0,610.0,9,6
12.0,619.0,1,2457
12.0,620.0,1,6529
12.0,621.0,1,34744
12.0,622.0,9,1548
12.0,623.0,9,1208
12.0,624.0,9,1935
12.0,625.0,9,447
12.0,626.0,9,1361
12.0,627.0,12,522
12.0,628.0,9,1117
12.0,629.0,9,2112
12.0,630.0,9,1162
12.0,631.0,10,1006
12.0,633.0,9,3211
12.0,634.0,9,2698
12.0,635.0,9,1401
12.0,637.0,9,1631
12.0,638.0,9,1487
12.0,640.0,9,967
12.0,641.0,9,661
12.0,642.0,9,2471
12.0,644.0,9,1901
12.0,646.0,12,147
12.0,648.0,6,7
12.0,649.0,12,111
12.0,650.0,6,8
12.0,651.0,12,164
12.0,652.0,9,237
12.0,653.0,9,253
12.0,654.0,6,62
12.0,656.0,6,152
12.0,657.0,6,29
12.0,658.0,12,114
12.0,659.0,9,1360
12.0,660.0,10,507
12.0,662.0,12,184
12.0,663.0,10,175
12.0,665.0,12,280
12.0,666.0,12,34
12.0,667.0,10,1
12.0,675.0,9,501
12.0,676.0,12,78
12.0,677.0,12,31
12.0,678.0,12,69
12.0,680.0,12,163
12.0,681.0,12,14
12.0,683.0,10,4
12.0,684.0,10,46
12.0,685.0,9,719
12.0,688.0,12,142
12.0,692.0,10,14
12.0,693.0,9,3322
12.0,694.0,9,64
12.0,695.0,9,745
12.0,696.0,12,540
12.0,697.0,9,1389
12.0,698.0,9,268
12.0,699.0,9,1
12.0,702.0,9,5
12.0,704.0,10,1
12.0,724.0,10,1
12.0,737.0,9,1
12.0,745.0,10,4
12.0,748.0,12,2
12.0,750.0,10,1
12.0,756.0,10,3
12.0,759.0,10,1
13.0,3.0,1,38815
14.0,84.0,1,2429
15.0,0.0,8,3
15.0,2.0,8,1
15.0,3.0,8,3
15.0,13.0,8,1
15.0,50.0,8,1
15.0,54.0,8,1
15.0,66.0,9,5
15.0,75.0,8,1
15.0,81.0,8,1
15.0,94.0,8,1
15.0,107.0,8,1
15.0,115.0,8,1
15.0,124.0,11,1
15.0,139.0,7,1
15.0,179.0,8,2
15.0,186.0,8,1
15.0,187.0,8,3
15.0,188.0,8,2
15.0,190.0,8,3
15.0,193.0,8,5
15.0,195.0,7,1
15.0,201.0,8,5
15.0,202.0,8,2
15.0,203.0,8,2
15.0,204.0,8,3
15.0,205.0,8,3
15.0,213.0,7,2
15.0,214.0,8,4
15.0,217.0,8,1
15.0,219.0,4,30
15.0,221.0,8,23
15.0,222.0,9,2
15.0,224.0,9,6
15.0,227.0,10,5
15.0,228.0,4,6
15.0,229.0,12,185
15.0,230.0,8,14
15.0,231.0,8,7
15.0,232.0,9,8
15.0,233.0,8,3
15.0,234.0,9,9
15.0,235.0,8,2
15.0,236.0,8,4
15.0,238.0,8,1
15.0,239.0,10,1
15.0,241.0,8,6
15.0,242.0,9,1
15.0,244.0,8,36
15.0,245.0,8,12
15.0,247.0,9,2
15.0,250.0,8,3
15.0,263.0,9,22
15.0,265.0,12,8
15.0,267.0,4,4
15.0,276.0,11,1
15.0,285.0,8,2
15.0,286.0,8,1
15.0,293.0,8,2
15.0,297.0,4,1
15.0,299.0,8,2
15.0,301.0,8,2
15.0,302.0,8,4
15.0,303.0,4,1
15.0,304.0,7,10
15.0,306.0,9,21
15.0,307.0,9,674
15.0,309.0,12,86
15.0,310.0,1,18218
15.0,311.0,12,301
15.0,312.0,10,39
15.0,313.0,9,835
15.0,314.0,9,1164
15.0,315.0,10,393
15.0,316.0,9,304
15.0,317.0,9,415
15.0,318.0,9,301
15.0,319.0,9,380
15.0,320.0,9,351
15.0,321.0,9,13
15.0,322.0,9,5
15.0,323.0,8,32
15.0,324.0,9,254
15.0,325.0,9,231
15.0,326.0,9,15
15.0,327.0,9,348
15.0,328.0,9,479
15.0,329.0,9,599
15.0,330.0,10,436
15.0,331.0,9,252
15.0,332.0,9,671
15.0,333.0,10,5
15.0,334.0,9,360
15.0,335.0,9,322
15.0,336.0,9,246
15.0,337.0,10,12
15.0,338.0,9,131
15.0,339.0,10,7
15.0,340.0,9,115
15.0,341.0,10,2
15.0,343.0,10,263
15.0,344.0,9,320
15.0,345.0,9,249
15.0,346.0,12,19
15.0,347.0,10,452
15.0,348.0,10,48
15.0,349.0,10,239
15.0,350.0,10,2
15.0,351.0,9,186
15.0,352.0,9,112
15.0,353.0,9,6
15.0,354.0,9,8
15.0,355.0,9,8
15.0,356.0,6,3
15.0,357.0,10,362
15.0,358.0,9,116
15.0,359.0,9,252
15.0,361.0,10,5
15.0,364.0,9,9
15.0,366.0,9,1
15.0,367.0,9,2
15.0,370.0,10,2
15.0,371.0,9,1
15.0,372.0,9,1
15.0,374.0,10,4
15.0,375.0,9,3
15.0,376.0,10,4
15.0,377.0,9,7
15.0,378.0,9,3
15.0,379.0,9,4
15.0,380.0,9,3
15.0,381.0,7,3
15.0,390.0,8,1
15.0,396.0,11,1
15.0,423.0,8,2
15.0,460.0,8,1
15.0,540.0,7,2
15.0,621.0,7,1
16.0,0.0,8,25
16.0,2.0,9,3
16.0,3.0,10,6
16.0,5.0,4,1
16.0,7.0,4,2
16.0,9.0,4,4
16.0,11.0,7,9
16.0,12.0,4,2
16.0,13.0,4,4
16.0,14.0,8,2
16.0,16.0,8,1
16.0,17.0,4,6
16.0,18.0,7,3
16.0,19.0,4,3
16.0,20.0,4,6
16.0,22.0,4,1
16.0,23.0,8,3
16.0,24.0,8,5
16.0,26.0,8,3
16.0,31.0,9,3
16.0,33.0,4,1
16.0,34.0,4,2
16.0,38.0,4,1
16.0,40.0,9,1
16.0,45.0,4,1
16.0,46.0,4,5
16.0,47.0,8,1
16.0,49.0,4,3
16.0,51.0,9,1
16.0,54.0,10,3
16.0,57.0,12,2
16.0,61.0,7,2
16.0,63.0,4,1
16.0,65.0,10,5
16.0,67.0,10,1
16.0,68.0,8,11
16.0,69.0,12,2
16.0,72.0,9,1
16.0,73.0,13,2
16.0,75.0,9,3
16.0,76.0,11,2
16.0,78.0,12,2
16.0,81.0,12,1
16.0,84.0,8,5
16.0,85.0,8,4
16.0,87.0,8,1
16.0,88.0,7,1
16.0,97.0,9,1
16.0,104.0,9,1
16.0,105.0,9,8
16.0,108.0,9,9
16.0,110.0,9,2
16.0,111.0,9,1
16.0,112.0,10,2
16.0,113.0,9,1
16.0,115.0,9,2
16.0,116.0,12,2
16.0,117.0,9,2
16.0,118.0,9,3
16.0,120.0,9,3
16.0,122.0,9,1
16.0,123.0,9,2
16.0,125.0,8,1
16.0,138.0,4,1
16.0,139.0,9,1
16.0,144.0,8,2
16.0,151.0,8,1
16.0,152.0,9,2
16.0,156.0,9,1
16.0,161.0,9,1
16.0,162.0,9,3
16.0,163.0,9,2
16.0,165.0,9,2
16.0,166.0,9,1
16.0,168.0,9,4
16.0,169.0,9,3
16.0,170.0,9,6
16.0,173.0,9,1
16.0,174.0,9,2
16.0,179.0,9,2
16.0,181.0,12,105
16.0,182.0,10,526
16.0,183.0,9,17
16.0,184.0,1,66119
16.0,185.0,9,676
16.0,186.0,9,850
16.0,187.0,9,2989
16.0,188.0,10,318
16.0,189.0,9,1836
16.0,190.0,9,825
16.0,193.0,9,5499
16.0,194.0,9,1269
16.0,195.0,10,304
16.0,196.0,9,613
16.0,197.0,9,687
16.0,198.0,10,185
16.0,199.0,9,286
16.0,200.0,9,471
16.0,201.0,9,3705
16.0,202.0,9,542
16.0,203.0,9,608
16.0,204.0,9,1349
16.0,205.0,9,311
16.0,206.0,9,1743
16.0,207.0,9,208
16.0,208.0,9,2391
16.0,209.0,9,1393
16.0,210.0,9,162
16.0,211.0,10,1034
16.0,212.0,9,133
16.0,213.0,4,5
16.0,214.0,9,2140
16.0,216.0,9,880
16.0,217.0,9,1292
16.0,218.0,9,874
16.0,219.0,4,28
16.0,221.0,9,2
16.0,224.0,4,6
16.0,228.0,9,11
16.0,229.0,9,26
16.0,230.0,4,17
16.0,231.0,4,5
16.0,232.0,4,7
16.0,233.0,9,3
16.0,234.0,8,4
16.0,235.0,4,1
16.0,236.0,4,5
16.0,238.0,9,2
16.0,239.0,8,4
16.0,241.0,8,1
16.0,244.0,9,2
16.0,251.0,10,16
16.0,253.0,10,5
16.0,254.0,9,2
16.0,256.0,10,1
16.0,257.0,10,1
16.0,263.0,9,1
16.0,265.0,12,1
16.0,267.0,10,11
16.0,268.0,9,5
16.0,273.0,12,2
16.0,285.0,8,1
16.0,288.0,9,2
16.0,289.0,10,7
16.0,290.0,12,4
16.0,293.0,9,2
16.0,294.0,10,4
16.0,297.0,10,2
16.0,298.0,9,2
16.0,299.0,10,2
16.0,300.0,4,1
16.0,305.0,9,1
16.0,307.0,8,2
16.0,310.0,9,19
16.0,312.0,9,2
16.0,313.0,4,2
16.0,314.0,12,6
16.0,315.0,9,2
16.0,316.0,7,4
16.0,317.0,8,2
16.0,318.0,9,3
16.0,319.0,9,1
16.0,320.0,9,1
16.0,323.0,9,14
16.0,324.0,9,4
16.0,325.0,9,1
16.0,327.0,4,2
16.0,328.0,8,3
16.0,329.0,9,1
16.0,330.0,10,1
16.0,331.0,12,8
16.0,332.0,9,3
16.0,333.0,9,1
16.0,334.0,9,1
16.0,337.0,10,4
16.0,338.0,8,1
16.0,339.0,7,1
16.0,340.0,7,2
16.0,341.0,8,1
16.0,343.0,9,1
16.0,345.0,9,3
16.0,347.0,10,3
16.0,349.0,10,2
16.0,350.0,10,2
16.0,351.0,9,3
16.0,352.0,9,2
16.0,353.0,9,3
16.0,354.0,9,1
16.0,355.0,9,3
16.0,357.0,9,4
16.0,361.0,10,3
16.0,362.0,10,1
16.0,364.0,10,3
16.0,373.0,9,1
16.0,374.0,10,2
16.0,377.0,12,1
16.0,379.0,12,4
16.0,380.0,10,1
16.0,381.0,10,33
16.0,383.0,9,3
16.0,386.0,12,1
16.0,388.0,9,6
16.0,391.0,9,3
16.0,397.0,9,1
16.0,400.0,4,1
16.0,401.0,9,1
16.0,404.0,9,4
16.0,409.0,9,3
16.0,411.0,9,3
16.0,414.0,9,1
16.0,415.0,9,2
16.0,416.0,10,1
16.0,419.0,9,1
16.0,422.0,8,2
16.0,423.0,9,31
16.0,429.0,9,1
16.0,432.0,11,1
16.0,434.0,9,1
16.0,436.0,9,2
16.0,441.0,9,1
16.0,442.0,9,1
16.0,443.0,9,1
16.0,444.0,9,2
16.0,447.0,9,1
16.0,461.0,9,4
16.0,462.0,9,1
16.0,463.0,9,1
16.0,464.0,9,21
16.0,468.0,9,2
16.0,469.0,9,5
16.0,476.0,9,5
16.0,482.0,4,2
16.0,488.0,4,4
16.0,494.0,4,5
16.0,495.0,8,1
16.0,503.0,4,1
16.0,515.0,10,1
16.0,519.0,4,1
16.0,520.0,8,1
16.0,525.0,9,1
16.0,531.0,9,6
16.0,532.0,10,3
16.0,533.0,12,1
16.0,535.0,9,6
16.0,536.0,9,1
16.0,537.0,9,2
16.0,538.0,4,4
16.0,539.0,9,8
16.0,540.0,7,10
16.0,542.0,10,4
16.0,543.0,10,1
16.0,545.0,10,2
16.0,546.0,10,3
16.0,548.0,9,2
16.0,558.0,10,1
16.0,560.0,8,1
16.0,561.0,10,2
16.0,565.0,8,2
16.0,566.0,10,6
16.0,567.0,10,2
16.0,569.0,10,1
16.0,570.0,9,1
16.0,573.0,9,1
16.0,575.0,8,1
16.0,577.0,9,6
16.0,582.0,10,1
16.0,584.0,10,26
16.0,585.0,8,2
16.0,586.0,9,1
16.0,587.0,10,1
16.0,588.0,8,1
16.0,592.0,10,1
16.0,594.0,9,1
16.0,598.0,10,1
16.0,599.0,10,11
16.0,603.0,9,2
16.0,604.0,10,6
16.0,607.0,10,2
16.0,608.0,9,1
16.0,609.0,9,1
16.0,613.0,10,1
16.0,614.0,9,1
16.0,615.0,10,5
16.0,616.0,10,4
16.0,617.0,10,4
16.0,620.0,9,1
16.0,621.0,9,3
16.0,622.0,8,2
16.0,623.0,10,1
16.0,624.0,9,1
16.0,626.0,9,1
16.0,627.0,7,3
16.0,631.0,10,1
16.0,633.0,10,1
16.0,634.0,9,3
16.0,637.0,4,1
16.0,638.0,8,2
16.0,642.0,10,5
16.0,649.0,10,1
16.0,675.0,4,1
16.0,685.0,10,1
16.0,696.0,10,2
16.0,697.0,9,1
16.0,699.0,8,2
16.0,700.0,10,2
16.0,701.0,10,1
16.0,702.0,9,4
16.0,703.0,10,4
16.0,711.0,9,6
16.0,712.0,9,3
16.0,717.0,6,1
16.0,719.0,9,1
16.0,721.0,10,1
16.0,722.0,8,1
16.0,723.0,10,3
16.0,724.0,10,2
16.0,725.0,8,1
16.0,726.0,10,1
16.0,727.0,7,1
16.0,730.0,10,1
16.0,731.0,10,1
16.0,733.0,10,1
16.0,734.0,10,1
16.0,737.0,9,2
16.0,738.0,9,1
16.0,741.0,10,3
16.0,742.0,10,2
16.0,743.0,10,2
16.0,744.0,10,6
16.0,745.0,9,4
16.0,747.0,10,2
16.0,748.0,10,8
16.0,749.0,10,4
16.0,750.0,10,1
16.0,753.0,10,6
16.0,754.0,10,1
16.0,755.0,10,2
16.0,756.0,10,1
16.0,757.0,9,2
16.0,759.0,10,4
16.0,761.0,6,1
17.0,733.0,1,1833
17.0,734.0,1,1765
17.0,735.0,1,331
17.0,736.0,1,49
18.0,184.0,1,3328
19.0,0.0,9,937
19.0,2.0,9,120
19.0,3.0,9,301
19.0,5.0,10,5
19.0,6.0,4,1
19.0,7.0,10,8
19.0,9.0,9,2
19.0,10.0,9,3
19.0,11.0,10,5
19.0,13.0,9,6
19.0,14.0,9,2
19.0,15.0,9,5
19.0,16.0,9,5
19.0,17.0,10,8
19.0,18.0,12,7
19.0,19.0,9,10
19.0,20.0,9,7
19.0,21.0,9,16
19.0,22.0,9,5
19.0,23.0,9,3
19.0,24.0,9,4
19.0,26.0,9,38
19.0,27.0,9,17
19.0,28.0,9,1
19.0,29.0,9,2
19.0,31.0,9,26
19.0,34.0,9,26
19.0,35.0,9,4
19.0,36.0,9,11
19.0,38.0,9,10
19.0,39.0,9,5
19.0,40.0,9,9
19.0,41.0,9,12
19.0,43.0,8,1
19.0,45.0,6,1
19.0,46.0,9,3
19.0,47.0,9,3
19.0,48.0,9,2
19.0,49.0,9,1
19.0,50.0,9,5
19.0,52.0,9,1
19.0,54.0,9,42
19.0,55.0,10,6
19.0,56.0,9,10
19.0,57.0,9,11
19.0,59.0,9,4
19.0,61.0,9,9
19.0,62.0,9,7
19.0,63.0,9,9
19.0,64.0,9,3
19.0,65.0,12,12
19.0,66.0,9,2
19.0,67.0,10,2
19.0,68.0,9,50
19.0,69.0,9,7
19.0,72.0,9,5
19.0,73.0,12,6
19.0,75.0,9,23
19.0,76.0,9,34
19.0,78.0,9,15
19.0,80.0,9,8
19.0,81.0,9,29
19.0,82.0,12,2
19.0,84.0,9,181
19.0,85.0,9,325
19.0,86.0,9,31
19.0,87.0,9,26
19.0,88.0,10,20
19.0,89.0,9,8
19.0,90.0,10,4
19.0,91.0,9,10
19.0,92.0,9,7
19.0,93.0,9,11
19.0,94.0,9,5
19.0,95.0,9,12
19.0,96.0,9,36
19.0,97.0,9,5
19.0,98.0,9,6
19.0,99.0,9,13
19.0,100.0,9,21
19.0,101.0,9,8
19.0,102.0,9,4
19.0,103.0,9,3
19.0,104.0,9,13
19.0,105.0,9,47
19.0,106.0,9,65
19.0,107.0,9,4
19.0,108.0,9,47
19.0,109.0,9,6
19.0,110.0,9,24
19.0,111.0,9,31
19.0,112.0,9,19
19.0,113.0,9,13
19.0,114.0,9,16
19.0,115.0,9,166
19.0,116.0,9,16
19.0,117.0,9,19
19.0,118.0,9,14
19.0,119.0,10,5
19.0,120.0,10,14
19.0,121.0,9,1
19.0,122.0,9,2
19.0,123.0,9,22
19.0,124.0,9,4
19.0,125.0,9,12
19.0,127.0,9,6
19.0,128.0,9,14
19.0,129.0,8,4
19.0,130.0,9,6
19.0,131.0,9,2
19.0,132.0,9,7
19.0,134.0,6,5
19.0,135.0,9,16
19.0,136.0,10,2
19.0,137.0,9,11
19.0,138.0,9,4
19.0,139.0,10,51
19.0,140.0,6,2
19.0,141.0,10,7
19.0,142.0,9,13
19.0,143.0,10,13
19.0,144.0,9,28
19.0,150.0,9,14
19.0,151.0,9,10
19.0,152.0,9,27
19.0,153.0,9,11
19.0,154.0,10,3
19.0,156.0,9,14
19.0,157.0,10,26
19.0,158.0,10,6
19.0,160.0,10,9
19.0,161.0,10,10
19.0,162.0,9,9
19.0,163.0,9,12
19.0,164.0,9,3
19.0,165.0,9,11
19.0,166.0,9,3
19.0,167.0,9,8
19.0,168.0,10,32
19.0,169.0,9,10
19.0,170.0,9,21
19.0,171.0,9,19
19.0,172.0,9,9
19.0,173.0,9,20
19.0,174.0,9,25
19.0,175.0,9,11
19.0,176.0,9,3
19.0,177.0,9,3
19.0,178.0,9,15
19.0,179.0,4,1
19.0,180.0,9,6
19.0,181.0,10,4
19.0,182.0,10,5
19.0,184.0,9,52
19.0,186.0,9,3
19.0,187.0,10,2
19.0,188.0,10,1
19.0,189.0,9,1
19.0,190.0,9,1
19.0,193.0,9,3
19.0,194.0,6,1
19.0,195.0,9,1
19.0,196.0,9,2
19.0,197.0,9,1
19.0,198.0,10,2
19.0,199.0,9,1
19.0,201.0,10,3
19.0,202.0,10,1
19.0,203.0,8,2
19.0,204.0,9,5
19.0,206.0,9,1
19.0,208.0,9,3
19.0,209.0,9,1
19.0,211.0,10,3
19.0,212.0,10,1
19.0,213.0,12,2
19.0,214.0,9,2
19.0,216.0,9,5
19.0,217.0,8,2
19.0,218.0,9,2
19.0,219.0,9,5
19.0,221.0,9,9
19.0,224.0,10,2
19.0,227.0,12,1
19.0,228.0,10,7
19.0,229.0,9,24
19.0,230.0,10,7
19.0,231.0,8,1
19.0,232.0,9,1
19.0,233.0,9,1
19.0,234.0,9,2
19.0,236.0,10,2
19.0,238.0,9,2
19.0,239.0,9,3
19.0,241.0,9,3
19.0,243.0,9,1
19.0,244.0,9,10
19.0,245.0,9,4
19.0,248.0,9,3
19.0,250.0,9,1
19.0,251.0,10,151
19.0,253.0,10,73
19.0,254.0,10,42
19.0,257.0,10,1
19.0,258.0,9,1
19.0,260.0,9,11
19.0,263.0,7,2
19.0,265.0,12,1
19.0,266.0,9,1
19.0,267.0,9,85
19.0,268.0,9,3
19.0,269.0,9,1
19.0,270.0,9,1
19.0,271.0,9,7
19.0,272.0,10,5
19.0,273.0,12,4
19.0,275.0,9,5
19.0,276.0,9,8
19.0,277.0,10,1
19.0,281.0,10,3
19.0,282.0,10,1
19.0,284.0,6,3
19.0,285.0,9,3
19.0,286.0,9,7
19.0,287.0,9,1
19.0,288.0,9,3
19.0,289.0,10,7
19.0,290.0,12,1
19.0,292.0,12,2
19.0,293.0,9,1
19.0,294.0,9,2
19.0,296.0,12,1
19.0,297.0,10,6
19.0,298.0,10,2
19.0,299.0,10,3
19.0,300.0,10,2
19.0,301.0,9,1
19.0,302.0,9,3
19.0,303.0,9,3
19.0,304.0,9,5
19.0,305.0,9,6
19.0,307.0,9,3
19.0,309.0,9,1
19.0,310.0,9,17
19.0,311.0,12,6
19.0,313.0,9,1
19.0,314.0,9,4
19.0,315.0,10,1
19.0,318.0,9,2
19.0,319.0,9,2
19.0,320.0,9,1
19.0,323.0,10,14
19.0,324.0,9,2
19.0,327.0,9,3
19.0,328.0,9,3
19.0,329.0,9,2
19.0,330.0,10,4
19.0,331.0,12,2
19.0,332.0,4,1
19.0,333.0,9,4
19.0,335.0,9,1
19.0,336.0,9,5
19.0,337.0,10,9
19.0,338.0,9,2
19.0,339.0,9,2
19.0,341.0,9,2
19.0,343.0,9,2
19.0,344.0,9,2
19.0,346.0,6,1
19.0,347.0,10,9
19.0,349.0,9,6
19.0,350.0,10,5
19.0,351.0,9,3
19.0,352.0,9,1
19.0,353.0,9,14
19.0,354.0,9,9
19.0,355.0,9,3
19.0,356.0,9,2
19.0,357.0,9,1
19.0,358.0,9,1
19.0,359.0,9,3
19.0,361.0,9,156
19.0,362.0,9,4
19.0,363.0,9,10
19.0,364.0,9,609
19.0,366.0,9,110
19.0,367.0,9,76
19.0,368.0,6,1
19.0,370.0,9,8
19.0,371.0,9,1
19.0,372.0,9,2
19.0,373.0,9,3
19.0,374.0,9,284
19.0,375.0,9,28
19.0,376.0,9,179
19.0,377.0,9,333
19.0,378.0,9,81
19.0,379.0,9,327
19.0,380.0,9,14
19.0,381.0,10,165
19.0,383.0,10,11
19.0,384.0,12,1
19.0,386.0,12,6
19.0,387.0,9,2
19.0,388.0,10,1
19.0,390.0,9,7
19.0,391.0,9,8
19.0,394.0,9,1
19.0,396.0,10,4
19.0,397.0,9,9
19.0,399.0,9,2
19.0,401.0,9,10
19.0,403.0,9,20
19.0,404.0,9,3
19.0,406.0,9,15
19.0,409.0,9,9
19.0,410.0,9,21
19.0,411.0,9,38
19.0,412.0,9,2
19.0,414.0,9,28
19.0,415.0,9,35
19.0,416.0,9,2
19.0,419.0,9,7
19.0,422.0,9,58
19.0,423.0,9,262
19.0,424.0,9,2
19.0,425.0,9,4
19.0,426.0,9,1
19.0,427.0,6,2
19.0,428.0,9,2
19.0,429.0,9,8
19.0,430.0,9,3
19.0,432.0,10,6
19.0,434.0,9,3
19.0,436.0,10,6
19.0,437.0,9,6
19.0,439.0,9,2
19.0,440.0,9,9
19.0,441.0,8,7
19.0,442.0,9,5
19.0,443.0,9,5
19.0,444.0,9,6
19.0,447.0,9,3
19.0,448.0,9,10
19.0,449.0,9,2
19.0,450.0,9,2
19.0,453.0,8,3
19.0,454.0,9,7
19.0,456.0,9,1
19.0,457.0,9,1
19.0,458.0,9,1
19.0,460.0,9,2
19.0,461.0,9,4
19.0,462.0,8,2
19.0,463.0,9,6
19.0,464.0,9,66
19.0,466.0,4,1
19.0,467.0,9,2
19.0,468.0,9,15
19.0,469.0,9,40
19.0,472.0,9,1
19.0,475.0,9,7
19.0,476.0,12,2
19.0,477.0,9,2
19.0,480.0,9,1
19.0,482.0,9,2
19.0,485.0,9,1
19.0,488.0,9,10
19.0,489.0,9,1
19.0,490.0,7,1
19.0,491.0,9,9
19.0,494.0,9,16
19.0,495.0,9,2
19.0,498.0,9,2
19.0,500.0,10,1
19.0,503.0,9,3
19.0,511.0,9,1
19.0,512.0,9,1
19.0,514.0,9,4
19.0,515.0,10,2
19.0,517.0,9,7
19.0,518.0,9,6
19.0,519.0,9,2
19.0,520.0,9,28
19.0,521.0,9,1
19.0,523.0,9,1
19.0,524.0,9,1
19.0,525.0,9,6
19.0,527.0,9,5
19.0,529.0,12,2
19.0,531.0,12,2
19.0,532.0,12,10
19.0,533.0,9,10
19.0,534.0,9,1
19.0,535.0,10,16
19.0,536.0,12,5
19.0,537.0,12,9
19.0,538.0,4,7
19.0,539.0,9,10
19.0,540.0,9,10
19.0,542.0,1,325682
19.0,543.0,1,1507
19.0,544.0,1,3239
19.0,545.0,9,5748
19.0,546.0,1,38823
19.0,547.0,1,662
19.0,548.0,1,18837
19.0,549.0,1,370
19.0,550.0,9,292
19.0,551.0,1,4660
19.0,552.0,1,5666
19.0,553.0,9,102
19.0,554.0,9,7121
19.0,555.0,10,143
19.0,558.0,9,8845
19.0,560.0,9,7819
19.0,561.0,9,2542
19.0,562.0,9,7069
19.0,564.0,9,2500
19.0,565.0,9,4646
19.0,566.0,9,3253
19.0,567.0,9,2280
19.0,568.0,9,91
19.0,569.0,9,6693
19.0,570.0,9,2671
19.0,571.0,9,842
19.0,572.0,6,5
19.0,573.0,9,44
19.0,574.0,9,178
19.0,575.0,9,106
19.0,576.0,10,858
19.0,577.0,9,9489
19.0,579.0,1,1079
19.0,580.0,1,1162
19.0,581.0,10,503
19.0,582.0,1,8385
19.0,583.0,9,114
19.0,584.0,9,4024
19.0,585.0,9,794
19.0,586.0,9,175
19.0,587.0,9,501
19.0,588.0,9,1860
19.0,589.0,9,739
19.0,590.0,9,243
19.0,591.0,10,473
19.0,592.0,9,1615
19.0,593.0,10,21
19.0,594.0,12,686
19.0,596.0,9,1258
19.0,597.0,9,638
19.0,598.0,10,453
19.0,599.0,9,990
19.0,600.0,9,96
19.0,601.0,9,265
19.0,602.0,12,114
19.0,603.0,9,496
19.0,604.0,9,133
19.0,605.0,9,197
19.0,607.0,9,494
19.0,608.0,9,234
19.0,609.0,9,479
19.0,610.0,9,101
19.0,611.0,9,73
19.0,612.0,9,549
19.0,613.0,9,342
19.0,614.0,9,123
19.0,615.0,9,406
19.0,616.0,10,490
19.0,617.0,9,557
19.0,618.0,9,149
19.0,619.0,9,197
19.0,620.0,9,1168
19.0,621.0,9,2200
19.0,622.0,9,246
19.0,623.0,9,230
19.0,624.0,9,342
19.0,625.0,9,57
19.0,626.0,9,254
19.0,627.0,10,56
19.0,628.0,9,184
19.0,629.0,9,383
19.0,630.0,9,214
19.0,631.0,10,173
19.0,633.0,9,605
19.0,634.0,9,515
19.0,635.0,9,287
19.0,637.0,10,283
19.0,638.0,9,346
19.0,640.0,9,165
19.0,641.0,9,117
19.0,642.0,9,409
19.0,644.0,9,242
19.0,646.0,12,27
19.0,648.0,6,1
19.0,649.0,12,18
19.0,650.0,6,1
19.0,651.0,12,29
19.0,652.0,6,115
19.0,653.0,6,54
19.0,654.0,6,13
19.0,655.0,12,69
19.0,656.0,6,51
19.0,657.0,6,10
19.0,658.0,12,26
19.0,659.0,9,203
19.0,660.0,10,57
19.0,662.0,12,38
19.0,663.0,12,27
19.0,664.0,6,18
19.0,665.0,12,60
19.0,666.0,6,8
19.0,667.0,10,337
19.0,668.0,6,1
19.0,670.0,12,29
19.0,671.0,6,10
19.0,672.0,6,34
19.0,673.0,10,57
19.0,675.0,9,87
19.0,676.0,12,21
19.0,677.0,12,3
19.0,678.0,12,21
19.0,680.0,12,42
19.0,681.0,12,23
19.0,683.0,6,7
19.0,684.0,12,9
19.0,685.0,9,141
19.0,686.0,12,25
19.0,688.0,12,83
19.0,692.0,12,6
19.0,693.0,9,968
19.0,694.0,9,34
19.0,695.0,9,301
19.0,696.0,12,180
19.0,697.0,9,210
19.0,698.0,12,46
19.0,699.0,1,25682
19.0,700.0,9,2415
19.0,701.0,9,2341
19.0,702.0,9,3180
19.0,703.0,9,2621
19.0,704.0,9,100
19.0,705.0,9,1164
19.0,706.0,9,1584
19.0,707.0,10,348
19.0,708.0,9,3482
19.0,709.0,9,1292
19.0,710.0,9,759
19.0,711.0,9,6518
19.0,712.0,9,2065
19.0,713.0,9,2205
19.0,714.0,9,2357
19.0,715.0,9,2052
19.0,717.0,9,1009
19.0,718.0,9,669
19.0,719.0,9,1622
19.0,720.0,9,722
19.0,721.0,9,839
19.0,722.0,9,591
19.0,723.0,9,2167
19.0,724.0,9,3129
19.0,725.0,9,2720
19.0,726.0,9,2372
19.0,727.0,10,1913
19.0,728.0,9,534
19.0,729.0,9,1539
19.0,730.0,9,9037
19.0,731.0,9,4953
19.0,732.0,9,633
19.0,733.0,1,7407
19.0,734.0,1,6665
19.0,735.0,9,1784
19.0,736.0,9,1126
19.0,737.0,9,12573
19.0,738.0,9,707
19.0,739.0,9,458
19.0,740.0,9,353
19.0,741.0,9,3084
19.0,742.0,9,2984
19.0,743.0,9,2688
19.0,744.0,9,7883
19.0,745.0,9,3233
19.0,746.0,9,583
19.0,747.0,9,2880
19.0,748.0,9,4421
19.0,749.0,9,2860
19.0,750.0,9,7143
19.0,751.0,9,5881
19.0,752.0,9,4888
19.0,753.0,9,3437
19.0,754.0,9,2633
19.0,755.0,9,2495
19.0,756.0,9,3321
19.0,757.0,9,2337
19.0,758.0,9,3986
19.0,759.0,9,1465
19.0,760.0,12,2472
19.0,761.0,9,1238
20.0,0.0,9,13
20.0,2.0,8,2
20.0,3.0,8,25
20.0,5.0,8,1
20.0,6.0,9,1
20.0,7.0,7,3
20.0,13.0,4,1
20.0,15.0,8,1
20.0,17.0,8,1
20.0,18.0,7,1
20.0,20.0,8,4
20.0,21.0,7,2
20.0,26.0,4,4
20.0,27.0,8,2
20.0,29.0,8,1
20.0,31.0,9,2
20.0,34.0,9,1
20.0,38.0,9,1
20.0,39.0,9,1
20.0,41.0,8,2
20.0,50.0,7,1
20.0,54.0,8,7
20.0,57.0,10,1
20.0,59.0,8,1
20.0,61.0,8,3
20.0,64.0,10,1
20.0,65.0,8,3
20.0,66.0,8,3
20.0,67.0,9,1
20.0,68.0,8,4
20.0,72.0,8,1
20.0,73.0,7,1
20.0,75.0,8,2
20.0,76.0,8,1
20.0,78.0,8,3
20.0,84.0,9,8
20.0,85.0,8,6
20.0,86.0,7,2
20.0,88.0,4,11
20.0,89.0,8,4
20.0,90.0,9,598
20.0,91.0,8,3
20.0,92.0,7,2
20.0,93.0,4,1
20.0,94.0,8,4
20.0,95.0,2,2269
20.0,96.0,2,33431
20.0,97.0,8,3
20.0,98.0,8,1
20.0,99.0,9,1
20.0,100.0,9,1784
20.0,101.0,8,6
20.0,102.0,9,1
20.0,103.0,9,1096
20.0,104.0,4,2
20.0,105.0,2,14525
20.0,106.0,9,1
20.0,107.0,8,4
20.0,108.0,2,12182
20.0,109.0,8,4
20.0,110.0,9,8
20.0,111.0,9,301
20.0,112.0,8,5
20.0,113.0,8,5
20.0,114.0,9,2465
20.0,115.0,1,142247
20.0,116.0,9,4320
20.0,117.0,9,3606
20.0,118.0,8,10
20.0,119.0,9,2038
20.0,120.0,9,2052
20.0,121.0,9,548
20.0,122.0,9,1114
20.0,123.0,8,12
20.0,124.0,9,1296
20.0,125.0,4,1
20.0,127.0,8,4
20.0,128.0,8,6
20.0,129.0,8,3
20.0,130.0,8,1
20.0,131.0,8,1
20.0,132.0,8,1
20.0,135.0,8,1
20.0,139.0,7,2
20.0,144.0,9,1
20.0,151.0,9,2418
20.0,152.0,8,5
20.0,153.0,4,2
20.0,154.0,7,6
20.0,156.0,4,2
20.0,157.0,7,1
20.0,158.0,7,2
20.0,160.0,7,1
20.0,161.0,9,4
20.0,162.0,9,2
20.0,163.0,9,4
20.0,164.0,8,1
20.0,165.0,8,4
20.0,166.0,9,4
20.0,167.0,9,71
20.0,168.0,9,2768
20.0,169.0,4,6
20.0,170.0,8,13
20.0,171.0,7,7
20.0,172.0,9,2499
20.0,173.0,9,5401
20.0,174.0,9,103
20.0,175.0,9,198
20.0,176.0,8,1
20.0,178.0,8,7
20.0,179.0,8,3
20.0,180.0,4,3
20.0,182.0,7,1
20.0,184.0,11,4
20.0,196.0,4,1
20.0,201.0,4,2
20.0,204.0,10,1
20.0,205.0,8,2
20.0,208.0,8,1
20.0,213.0,7,1
20.0,219.0,8,1
20.0,221.0,8,3
20.0,227.0,9,1
20.0,228.0,8,1
20.0,230.0,9,2
20.0,231.0,9,2
20.0,236.0,7,1
20.0,244.0,9,2
20.0,251.0,10,3
20.0,253.0,10,3
20.0,254.0,9,2
20.0,267.0,10,6
20.0,271.0,9,1
20.0,273.0,9,4
20.0,275.0,9,1
20.0,289.0,10,2
20.0,293.0,9,2
20.0,297.0,4,4
20.0,310.0,8,8
20.0,313.0,8,1
20.0,314.0,7,1
20.0,317.0,9,1
20.0,319.0,4,3
20.0,320.0,7,3
20.0,323.0,8,4
20.0,328.0,8,2
20.0,330.0,8,8
20.0,331.0,4,1
20.0,332.0,8,6
20.0,337.0,4,2
20.0,338.0,8,1
20.0,339.0,8,1
20.0,341.0,8,1
20.0,345.0,8,1
20.0,346.0,4,1
20.0,349.0,7,2
20.0,350.0,7,1
20.0,351.0,4,2
20.0,353.0,4,11
20.0,354.0,8,9
20.0,356.0,8,3
20.0,359.0,8,1
20.0,361.0,8,11
20.0,363.0,8,7
20.0,364.0,4,13
20.0,367.0,4,1
20.0,370.0,10,1
20.0,374.0,4,5
20.0,375.0,8,2
20.0,377.0,8,5
20.0,379.0,12,3
20.0,380.0,8,1
20.0,381.0,10,11
20.0,383.0,9,1
20.0,390.0,10,1
20.0,397.0,9,1
20.0,409.0,9,2
20.0,414.0,9,1
20.0,415.0,9,1
20.0,423.0,9,17
20.0,432.0,9,2
20.0,439.0,8,2
20.0,442.0,4,2
20.0,449.0,9,1
20.0,464.0,9,6
20.0,468.0,9,1
20.0,469.0,9,2
20.0,482.0,4,1
20.0,488.0,4,2
20.0,491.0,4,1
20.0,498.0,4,1
20.0,519.0,4,1
20.0,520.0,4,4
20.0,521.0,4,3
20.0,525.0,0,1
20.0,527.0,7,1
20.0,531.0,7,4
20.0,532.0,7,2
20.0,533.0,7,1
20.0,538.0,7,3
20.0,539.0,7,2
20.0,540.0,7,3
20.0,542.0,8,7
20.0,545.0,9,1
20.0,546.0,10,2
20.0,548.0,10,1
20.0,560.0,9,1
20.0,561.0,8,2
20.0,566.0,10,1
20.0,577.0,10,3
20.0,582.0,10,1
20.0,584.0,10,3
20.0,592.0,10,1
20.0,607.0,9,1
20.0,612.0,4,3
20.0,613.0,4,4
20.0,615.0,8,3
20.0,616.0,10,3
20.0,617.0,4,2
20.0,621.0,8,1
20.0,628.0,10,2
20.0,633.0,8,1
20.0,634.0,9,2
20.0,637.0,9,1
20.0,640.0,4,1
20.0,642.0,10,3
20.0,659.0,7,2
20.0,699.0,4,21
20.0,700.0,8,2
20.0,701.0,8,9
20.0,702.0,8,10
20.0,703.0,8,2
20.0,705.0,4,4
20.0,708.0,8,1
20.0,710.0,9,2
20.0,711.0,8,1
20.0,721.0,8,5
20.0,722.0,4,1
20.0,723.0,8,1
20.0,724.0,8,4
20.0,725.0,8,3
20.0,731.0,8,1
20.0,734.0,10,1
20.0,741.0,4,2
20.0,742.0,4,5
20.0,743.0,8,4
20.0,744.0,8,6
20.0,747.0,8,5
20.0,748.0,8,5
20.0,749.0,8,3
20.0,750.0,8,10
20.0,751.0,8,1
20.0,752.0,8,3
20.0,756.0,8,1
20.0,757.0,9,2
21.0,0.0,9,512
21.0,2.0,9,77
21.0,3.0,9,212
21.0,6.0,9,4
21.0,7.0,10,5
21.0,9.0,9,3
21.0,10.0,9,5
21.0,11.0,10,10
21.0,13.0,9,4
21.0,14.0,9,8
21.0,15.0,9,3
21.0,16.0,9,4
21.0,17.0,10,3
21.0,18.0,12,4
21.0,19.0,9,12
21.0,20.0,9,9
21.0,21.0,9,14
21.0,22.0,9,4
21.0,23.0,9,6
21.0,24.0,9,2
21.0,25.0,10,1
21.0,26.0,9,21
21.0,27.0,9,8
21.0,30.0,9,3
21.0,31.0,9,31
21.0,33.0,9,7
21.0,34.0,9,13
21.0,35.0,9,3
21.0,36.0,9,7
21.0,38.0,9,8
21.0,40.0,9,5
21.0,41.0,9,13
21.0,43.0,9,1
21.0,45.0,9,5
21.0,46.0,9,3
21.0,47.0,9,3
21.0,48.0,9,5
21.0,49.0,9,3
21.0,50.0,9,2
21.0,52.0,9,11
21.0,54.0,9,25
21.0,55.0,9,3
21.0,56.0,9,1
21.0,57.0,12,3
21.0,59.0,9,3
21.0,61.0,9,7
21.0,62.0,9,7
21.0,63.0,9,5
21.0,64.0,9,5
21.0,65.0,9,6
21.0,66.0,9,2
21.0,67.0,9,5
21.0,68.0,9,25
21.0,69.0,9,2
21.0,72.0,4,5
21.0,73.0,12,1
21.0,75.0,9,17
21.0,76.0,9,6
21.0,78.0,10,3
21.0,80.0,9,3
21.0,81.0,9,9
21.0,82.0,12,1
21.0,84.0,9,117
21.0,85.0,9,169
21.0,86.0,9,27
21.0,87.0,9,13
21.0,88.0,10,7
21.0,89.0,9,3
21.0,90.0,9,2
21.0,91.0,9,3
21.0,92.0,9,2
21.0,93.0,8,2
21.0,94.0,9,2
21.0,95.0,9,3
21.0,96.0,9,20
21.0,97.0,9,3
21.0,98.0,10,3
21.0,99.0,9,4
21.0,100.0,9,3
21.0,101.0,9,4
21.0,102.0,9,3
21.0,103.0,9,1
21.0,104.0,9,1
21.0,105.0,9,21
21.0,106.0,9,3
21.0,107.0,9,11
21.0,108.0,9,14
21.0,109.0,9,4
21.0,110.0,10,24
21.0,111.0,9,6
21.0,112.0,9,3
21.0,113.0,10,4
21.0,114.0,9,2
21.0,115.0,9,58
21.0,116.0,9,5
21.0,117.0,9,2
21.0,118.0,9,8
21.0,119.0,12,2
21.0,120.0,9,7
21.0,121.0,10,1
21.0,122.0,9,2
21.0,123.0,9,12
21.0,124.0,10,3
21.0,125.0,9,7
21.0,127.0,9,5
21.0,128.0,9,11
21.0,129.0,9,1
21.0,130.0,10,2
21.0,131.0,10,1
21.0,132.0,9,7
21.0,134.0,12,8
21.0,135.0,9,8
21.0,136.0,9,4
21.0,137.0,9,9
21.0,138.0,10,3
21.0,139.0,10,22
21.0,140.0,10,1
21.0,141.0,10,18
21.0,143.0,12,1
21.0,144.0,9,10
21.0,148.0,10,1
21.0,149.0,10,1
21.0,150.0,9,9
21.0,151.0,9,1
21.0,152.0,9,12
21.0,153.0,9,8
21.0,154.0,10,2
21.0,156.0,10,13
21.0,157.0,10,4
21.0,158.0,12,1
21.0,160.0,12,3
21.0,161.0,10,5
21.0,162.0,9,5
21.0,163.0,9,2
21.0,164.0,9,1
21.0,165.0,10,2
21.0,166.0,9,3
21.0,167.0,9,4
21.0,168.0,9,8
21.0,169.0,10,9
21.0,170.0,9,10
21.0,171.0,9,11
21.0,172.0,9,4
21.0,173.0,9,6
21.0,174.0,9,4
21.0,175.0,9,6
21.0,176.0,9,6
21.0,177.0,9,3
21.0,178.0,9,8
21.0,179.0,9,4
21.0,180.0,9,5
21.0,181.0,10,1
21.0,182.0,9,11
21.0,183.0,10,2
21.0,184.0,9,27
21.0,186.0,9,1
21.0,187.0,10,2
21.0,188.0,10,1
21.0,189.0,9,2
21.0,190.0,9,5
21.0,193.0,9,8
21.0,194.0,9,4
21.0,195.0,9,2
21.0,196.0,9,1
21.0,197.0,9,4
21.0,199.0,10,1
21.0,200.0,12,1
21.0,201.0,9,4
21.0,202.0,10,1
21.0,203.0,9,1
21.0,204.0,9,7
21.0,205.0,10,1
21.0,206.0,12,1
21.0,208.0,10,3
21.0,209.0,9,3
21.0,210.0,9,2
21.0,211.0,9,9
21.0,212.0,10,5
21.0,213.0,9,2
21.0,214.0,6,1
21.0,216.0,9,3
21.0,217.0,10,2
21.0,218.0,9,1
21.0,219.0,10,16
21.0,221.0,10,18
21.0,224.0,9,5
21.0,226.0,9,2
21.0,227.0,12,1
21.0,228.0,10,26
21.0,229.0,9,83
21.0,230.0,10,12
21.0,231.0,9,9
21.0,232.0,9,1
21.0,233.0,9,7
21.0,234.0,9,16
21.0,236.0,9,1
21.0,238.0,10,2
21.0,239.0,9,4
21.0,241.0,9,6
21.0,244.0,9,30
21.0,245.0,9,4
21.0,246.0,9,3
21.0,247.0,9,5
21.0,248.0,9,2
21.0,250.0,9,6
21.0,251.0,10,478
21.0,253.0,10,369
21.0,254.0,9,132
21.0,256.0,9,3
21.0,257.0,10,3
21.0,258.0,9,1
21.0,260.0,9,67
21.0,263.0,9,41
21.0,265.0,9,44
21.0,266.0,9,1
21.0,267.0,9,265
21.0,268.0,9,35
21.0,269.0,9,5
21.0,270.0,9,8
21.0,271.0,12,11
21.0,272.0,9,48
21.0,273.0,9,24
21.0,275.0,9,22
21.0,276.0,9,71
21.0,277.0,10,3
21.0,281.0,9,8
21.0,282.0,9,5
21.0,284.0,9,47
21.0,285.0,10,3
21.0,286.0,9,8
21.0,287.0,9,4
21.0,288.0,9,7
21.0,289.0,10,33
21.0,290.0,9,8
21.0,292.0,12,8
21.0,293.0,9,9
21.0,294.0,12,15
21.0,296.0,9,4
21.0,297.0,10,5
21.0,298.0,9,3
21.0,299.0,9,7
21.0,300.0,9,30
21.0,301.0,9,20
21.0,302.0,10,9
21.0,303.0,9,4
21.0,304.0,10,25
21.0,305.0,9,14
21.0,307.0,9,5
21.0,309.0,9,2
21.0,310.0,10,44
21.0,311.0,9,4
21.0,313.0,9,12
21.0,314.0,9,10
21.0,315.0,10,5
21.0,316.0,12,1
21.0,317.0,10,2
21.0,318.0,9,1
21.0,319.0,9,12
21.0,320.0,9,6
21.0,323.0,9,23
21.0,324.0,12,3
21.0,325.0,9,8
21.0,327.0,9,2
21.0,328.0,9,2
21.0,329.0,9,8
21.0,330.0,10,2
21.0,331.0,12,1
21.0,332.0,9,4
21.0,333.0,12,2
21.0,334.0,9,4
21.0,335.0,9,3
21.0,336.0,6,2
21.0,337.0,10,13
21.0,338.0,9,1
21.0,339.0,10,5
21.0,341.0,9,4
21.0,343.0,9,1
21.0,344.0,9,15
21.0,346.0,9,1
21.0,347.0,10,47
21.0,349.0,10,3
21.0,350.0,10,2
21.0,351.0,9,3
21.0,353.0,9,8
21.0,354.0,9,45
21.0,355.0,9,14
21.0,356.0,9,3
21.0,357.0,9,3
21.0,358.0,9,1
21.0,359.0,9,3
21.0,361.0,9,9
21.0,362.0,9,1
21.0,363.0,9,5
21.0,364.0,9,32
21.0,366.0,9,9
21.0,367.0,9,5
21.0,370.0,9,47
21.0,371.0,9,24
21.0,372.0,9,25
21.0,373.0,9,3
21.0,374.0,9,21
21.0,375.0,9,3
21.0,376.0,9,8
21.0,377.0,9,15
21.0,378.0,9,5
21.0,379.0,9,18
21.0,380.0,9,2
21.0,381.0,10,5533
21.0,382.0,9,318
21.0,383.0,10,2654
21.0,384.0,12,403
21.0,385.0,9,38
21.0,386.0,12,1081
21.0,387.0,9,285
21.0,388.0,10,295
21.0,389.0,9,6
21.0,390.0,10,1160
21.0,391.0,9,695
21.0,394.0,9,24
21.0,395.0,6,6
21.0,396.0,9,1182
21.0,397.0,9,6325
21.0,398.0,9,47
21.0,399.0,9,695
21.0,400.0,10,277
21.0,401.0,9,5007
21.0,402.0,10,592
21.0,403.0,9,6525
21.0,404.0,9,1746
21.0,405.0,6,114
21.0,406.0,9,926
21.0,407.0,9,18
21.0,408.0,9,124
21.0,409.0,9,285
21.0,410.0,9,616
21.0,411.0,9,1622
21.0,412.0,9,247
21.0,414.0,9,5000
21.0,415.0,9,1277
21.0,416.0,10,38
21.0,418.0,10,41
21.0,419.0,9,151
21.0,422.0,9,302
21.0,423.0,1,699924
21.0,424.0,9,1057
21.0,425.0,9,1471
21.0,426.0,9,1223
21.0,427.0,9,1106
21.0,428.0,9,1201
21.0,429.0,9,3091
21.0,430.0,9,929
21.0,431.0,9,298
21.0,432.0,9,7761
21.0,433.0,12,108
21.0,434.0,9,550
21.0,435.0,9,588
21.0,436.0,9,1628
21.0,437.0,9,2739
21.0,438.0,9,41
21.0,439.0,9,1901
21.0,440.0,9,2213
21.0,441.0,9,2393
21.0,442.0,9,3371
21.0,443.0,9,1651
21.0,444.0,9,1792
21.0,445.0,9,1714
21.0,446.0,9,28
21.0,447.0,9,1107
21.0,448.0,9,4159
21.0,449.0,9,1012
21.0,450.0,9,395
21.0,451.0,9,113
21.0,453.0,9,1009
21.0,454.0,9,3039
21.0,456.0,9,869
21.0,457.0,9,1485
21.0,458.0,9,313
21.0,460.0,9,1089
21.0,461.0,9,1320
21.0,462.0,9,1250
21.0,463.0,9,3935
21.0,464.0,9,12123
21.0,465.0,9,162
21.0,466.0,9,357
21.0,467.0,9,193
21.0,468.0,9,1548
21.0,469.0,9,4320
21.0,470.0,9,26
21.0,472.0,9,73
21.0,473.0,9,36
21.0,475.0,9,723
21.0,476.0,9,1286
21.0,477.0,9,670
21.0,479.0,9,329
21.0,480.0,9,233
21.0,482.0,9,2176
21.0,483.0,9,40
21.0,484.0,10,33
21.0,485.0,9,408
21.0,486.0,10,35
21.0,487.0,9,70
21.0,488.0,9,3457
21.0,489.0,9,525
21.0,490.0,9,622
21.0,491.0,9,1755
21.0,492.0,9,1
21.0,493.0,9,53
21.0,494.0,9,4634
21.0,495.0,9,782
21.0,498.0,9,2627
21.0,499.0,10,109
21.0,500.0,10,197
21.0,501.0,9,68
21.0,503.0,9,2146
21.0,506.0,10,19
21.0,507.0,9,76
21.0,509.0,9,2
21.0,510.0,9,66
21.0,511.0,9,2856
21.0,512.0,9,1022
21.0,513.0,9,642
21.0,514.0,9,2305
21.0,515.0,9,1395
21.0,516.0,9,11
21.0,517.0,9,3124
21.0,518.0,9,83
21.0,519.0,9,1666
21.0,520.0,9,15008
21.0,521.0,9,1363
21.0,522.0,9,6
21.0,523.0,9,437
21.0,524.0,9,797
21.0,525.0,9,1787
21.0,527.0,9,2816
21.0,529.0,12,404
21.0,530.0,9,91
21.0,531.0,9,1771
21.0,532.0,10,2615
21.0,533.0,9,3033
21.0,534.0,9,662
21.0,535.0,9,3300
21.0,536.0,6,388
21.0,537.0,12,1819
21.0,538.0,9,2200
21.0,539.0,9,2203
21.0,540.0,9,1407
21.0,542.0,9,529
21.0,543.0,9,2
21.0,544.0,9,31
21.0,545.0,9,21
21.0,546.0,9,97
21.0,548.0,9,42
21.0,549.0,10,1
21.0,550.0,9,1
21.0,551.0,9,19
21.0,552.0,9,7
21.0,553.0,9,1
21.0,554.0,9,58
21.0,558.0,9,18
21.0,560.0,9,25
21.0,561.0,10,6
21.0,562.0,9,18
21.0,564.0,9,8
21.0,565.0,9,16
21.0,566.0,9,13
21.0,567.0,9,8
21.0,569.0,9,20
21.0,570.0,9,13
21.0,571.0,7,1
21.0,574.0,9,4
21.0,576.0,9,3
21.0,577.0,9,142
21.0,580.0,9,4
21.0,582.0,9,29
21.0,584.0,9,72
21.0,585.0,9,8
21.0,586.0,9,3
21.0,587.0,9,5
21.0,588.0,9,23
21.0,589.0,9,13
21.0,590.0,10,5
21.0,591.0,10,9
21.0,592.0,9,8
21.0,594.0,12,7
21.0,596.0,9,14
21.0,597.0,9,5
21.0,598.0,10,3
21.0,599.0,9,19
21.0,600.0,9,3
21.0,602.0,12,2
21.0,603.0,9,27
21.0,604.0,9,6
21.0,605.0,9,4
21.0,607.0,9,5
21.0,608.0,9,2
21.0,609.0,9,9
21.0,610.0,6,2
21.0,612.0,9,6
21.0,613.0,9,5
21.0,615.0,9,11
21.0,616.0,10,5
21.0,617.0,9,4
21.0,618.0,9,1
21.0,619.0,9,6
21.0,620.0,9,14
21.0,621.0,10,25
21.0,622.0,9,2
21.0,624.0,10,4
21.0,625.0,9,3
21.0,626.0,9,8
21.0,627.0,10,12
21.0,628.0,12,1
21.0,629.0,9,4
21.0,630.0,9,3
21.0,633.0,9,6
21.0,634.0,9,7
21.0,635.0,9,8
21.0,637.0,10,5
21.0,638.0,9,11
21.0,640.0,6,3
21.0,641.0,9,2
21.0,642.0,9,12
21.0,644.0,9,8
21.0,646.0,12,4
21.0,651.0,6,1
21.0,652.0,4,1
21.0,653.0,6,2
21.0,654.0,6,4
21.0,655.0,12,3
21.0,656.0,6,4
21.0,657.0,12,3
21.0,658.0,12,1
21.0,659.0,9,14
21.0,660.0,10,3
21.0,662.0,12,1
21.0,663.0,12,2
21.0,665.0,6,9
21.0,667.0,10,6
21.0,672.0,6,1
21.0,673.0,6,2
21.0,675.0,9,2
21.0,676.0,6,1
21.0,678.0,12,3
21.0,680.0,6,3
21.0,684.0,10,3
21.0,685.0,9,11
21.0,686.0,12,1
21.0,688.0,12,9
21.0,693.0,9,14
21.0,695.0,6,5
21.0,696.0,12,6
21.0,697.0,9,13
21.0,698.0,8,1
21.0,699.0,9,92
21.0,700.0,9,7
21.0,701.0,9,9
21.0,702.0,9,12
21.0,703.0,9,13
21.0,704.0,9,1
21.0,705.0,9,4
21.0,706.0,8,1
21.0,707.0,10,6
21.0,708.0,9,10
21.0,709.0,9,3
21.0,710.0,9,3
21.0,711.0,9,14
21.0,712.0,9,16
21.0,713.0,9,12
21.0,714.0,9,6
21.0,715.0,9,12
21.0,717.0,9,3
21.0,718.0,9,4
21.0,719.0,9,7
21.0,720.0,9,25
21.0,721.0,9,3
21.0,722.0,9,10
21.0,723.0,9,3
21.0,724.0,9,17
21.0,725.0,9,14
21.0,726.0,9,6
21.0,727.0,9,5
21.0,728.0,9,2
21.0,729.0,9,7
21.0,730.0,9,41
21.0,731.0,9,25
21.0,732.0,9,2
21.0,733.0,9,30
21.0,734.0,9,24
21.0,735.0,9,5
21.0,736.0,9,12
21.0,737.0,9,37
21.0,738.0,9,2
21.0,739.0,9,1
21.0,741.0,9,25
21.0,742.0,9,11
21.0,743.0,9,9
21.0,744.0,9,40
21.0,745.0,9,10
21.0,747.0,9,13
21.0,748.0,9,31
21.0,749.0,9,11
21.0,750.0,9,35
21.0,751.0,9,16
21.0,752.0,9,16
21.0,753.0,9,12
21.0,754.0,9,7
21.0,755.0,9,9
21.0,756.0,9,16
21.0,757.0,9,3
21.0,758.0,9,25
21.0,759.0,9,6
21.0,760.0,12,11
21.0,761.0,9,2
22.0,0.0,1,9412
23.0,2.0,1,2102
24.0,0.0,1,621830
24.0,2.0,1,66738
24.0,3.0,1,6277
24.0,4.0,9,2
24.0,5.0,9,15
24.0,6.0,9,34
24.0,7.0,10,60
24.0,9.0,9,31
24.0,10.0,9,51
24.0,11.0,10,64
24.0,12.0,9,27
24.0,13.0,9,54
24.0,14.0,9,54
24.0,15.0,9,46
24.0,16.0,9,66
24.0,17.0,10,116
24.0,18.0,12,91
24.0,19.0,9,137
24.0,20.0,9,110
24.0,21.0,9,154
24.0,22.0,9,48
24.0,23.0,9,45
24.0,24.0,9,60
24.0,25.0,10,6
24.0,26.0,9,217
24.0,27.0,9,50
24.0,28.0,8,10
24.0,29.0,9,20
24.0,30.0,9,21
24.0,31.0,9,219
24.0,33.0,9,38
24.0,34.0,9,148
24.0,35.0,9,66
24.0,36.0,9,89
24.0,38.0,9,58
24.0,39.0,9,16
24.0,40.0,9,33
24.0,41.0,9,93
24.0,43.0,9,14
24.0,45.0,9,24
24.0,46.0,9,76
24.0,47.0,9,20
24.0,48.0,9,23
24.0,49.0,9,14
24.0,50.0,9,46
24.0,51.0,9,8
24.0,52.0,9,37
24.0,54.0,9,245
24.0,55.0,9,22
24.0,56.0,9,30
24.0,57.0,9,51
24.0,58.0,6,1
24.0,59.0,9,13
24.0,61.0,9,82
24.0,62.0,9,38
24.0,63.0,9,22
24.0,64.0,9,16
24.0,65.0,9,60
24.0,66.0,10,19
24.0,67.0,12,26
24.0,68.0,9,278
24.0,69.0,9,14
24.0,71.0,10,3
24.0,72.0,9,28
24.0,73.0,12,7
24.0,75.0,9,225
24.0,76.0,9,32
24.0,78.0,9,49
24.0,79.0,9,1
24.0,80.0,9,19
24.0,81.0,9,30
24.0,82.0,12,7
24.0,84.0,1,145688
24.0,85.0,1,233703
24.0,86.0,1,37549
24.0,87.0,1,5468
24.0,88.0,10,2855
24.0,89.0,9,2392
24.0,90.0,9,685
24.0,91.0,9,1913
24.0,92.0,9,1985
24.0,93.0,9,1566
24.0,94.0,9,1871
24.0,95.0,9,349
24.0,96.0,9,2232
24.0,97.0,9,1649
24.0,98.0,9,2184
24.0,99.0,9,1788
24.0,100.0,9,893
24.0,101.0,9,658
24.0,102.0,9,780
24.0,103.0,9,169
24.0,104.0,9,1633
24.0,105.0,9,1543
24.0,106.0,9,445
24.0,107.0,9,1304
24.0,108.0,9,1926
24.0,109.0,9,1023
24.0,110.0,9,3217
24.0,111.0,9,2669
24.0,112.0,9,1635
24.0,113.0,9,1835
24.0,114.0,9,292
24.0,115.0,9,6264
24.0,116.0,9,537
24.0,117.0,9,451
24.0,118.0,9,2323
24.0,119.0,9,263
24.0,120.0,9,274
24.0,121.0,9,90
24.0,122.0,9,148
24.0,123.0,9,3834
24.0,124.0,9,1341
24.0,125.0,9,2810
24.0,127.0,9,1790
24.0,128.0,9,2100
24.0,129.0,9,499
24.0,130.0,9,2025
24.0,131.0,9,464
24.0,132.0,9,1118
24.0,134.0,12,39
24.0,135.0,9,4141
24.0,136.0,10,326
24.0,137.0,9,3167
24.0,138.0,10,37
24.0,139.0,10,354
24.0,140.0,10,20
24.0,141.0,10,78
24.0,142.0,9,7
24.0,143.0,10,42
24.0,144.0,9,97
24.0,148.0,9,736
24.0,149.0,9,237
24.0,150.0,9,3465
24.0,151.0,9,370
24.0,152.0,9,2791
24.0,153.0,9,1643
24.0,154.0,10,69
24.0,156.0,10,98
24.0,157.0,10,90
24.0,158.0,10,24
24.0,160.0,10,112
24.0,161.0,9,1186
24.0,162.0,9,1050
24.0,163.0,9,1228
24.0,164.0,9,292
24.0,165.0,9,2679
24.0,166.0,9,784
24.0,167.0,9,1966
24.0,168.0,9,2089
24.0,169.0,9,1222
24.0,170.0,9,2686
24.0,171.0,9,1609
24.0,172.0,9,360
24.0,173.0,9,930
24.0,174.0,9,3717
24.0,175.0,10,2151
24.0,176.0,9,1556
24.0,177.0,9,589
24.0,178.0,9,3321
24.0,179.0,9,1047
24.0,180.0,9,1426
24.0,181.0,10,54
24.0,182.0,10,50
24.0,183.0,9,1
24.0,184.0,9,301
24.0,185.0,10,6
24.0,186.0,9,9
24.0,187.0,9,23
24.0,188.0,10,3
24.0,189.0,9,22
24.0,190.0,9,5
24.0,193.0,9,26
24.0,194.0,9,19
24.0,195.0,10,3
24.0,196.0,9,19
24.0,197.0,10,9
24.0,198.0,10,7
24.0,199.0,9,8
24.0,200.0,9,4
24.0,201.0,9,48
24.0,202.0,9,3
24.0,203.0,9,17
24.0,204.0,9,7
24.0,205.0,9,10
24.0,206.0,9,12
24.0,207.0,9,7
24.0,208.0,9,33
24.0,209.0,9,15
24.0,210.0,9,12
24.0,211.0,9,16
24.0,212.0,9,14
24.0,213.0,12,23
24.0,214.0,9,14
24.0,216.0,9,20
24.0,217.0,9,15
24.0,218.0,9,7
24.0,219.0,9,20
24.0,221.0,9,16
24.0,222.0,9,2
24.0,224.0,9,14
24.0,226.0,9,1
24.0,227.0,9,3
24.0,228.0,9,16
24.0,229.0,9,353
24.0,230.0,9,24
24.0,231.0,9,13
24.0,232.0,9,6
24.0,233.0,9,6
24.0,234.0,9,10
24.0,235.0,9,1
24.0,236.0,9,16
24.0,238.0,9,15
24.0,239.0,9,10
24.0,241.0,9,12
24.0,242.0,12,2
24.0,244.0,9,62
24.0,245.0,9,10
24.0,247.0,9,1
24.0,248.0,10,6
24.0,250.0,9,4
24.0,251.0,10,935
24.0,253.0,10,226
24.0,254.0,10,55
24.0,256.0,10,4
24.0,257.0,10,10
24.0,258.0,9,1
24.0,259.0,9,1
24.0,260.0,9,37
24.0,263.0,9,21
24.0,265.0,9,16
24.0,266.0,9,6
24.0,267.0,9,441
24.0,268.0,9,13
24.0,269.0,10,4
24.0,270.0,9,9
24.0,271.0,9,11
24.0,272.0,9,18
24.0,273.0,9,9
24.0,274.0,9,4
24.0,275.0,9,9
24.0,276.0,9,22
24.0,277.0,10,7
24.0,281.0,10,8
24.0,282.0,9,3
24.0,284.0,9,27
24.0,285.0,9,26
24.0,286.0,9,26
24.0,287.0,10,2
24.0,288.0,9,9
24.0,289.0,10,23
24.0,290.0,12,12
24.0,292.0,9,7
24.0,293.0,9,5
24.0,294.0,12,9
24.0,296.0,9,3
24.0,297.0,10,9
24.0,298.0,9,5
24.0,299.0,9,11
24.0,300.0,9,16
24.0,301.0,9,20
24.0,302.0,10,12
24.0,303.0,9,15
24.0,304.0,10,26
24.0,305.0,9,18
24.0,307.0,9,21
24.0,309.0,10,3
24.0,310.0,9,86
24.0,311.0,9,7
24.0,312.0,9,2
24.0,313.0,8,10
24.0,314.0,9,19
24.0,315.0,9,3
24.0,316.0,9,10
24.0,317.0,9,12
24.0,318.0,9,43
24.0,319.0,9,15
24.0,320.0,9,10
24.0,323.0,9,214
24.0,324.0,12,17
24.0,325.0,9,1
24.0,327.0,9,15
24.0,328.0,9,44
24.0,329.0,9,10
24.0,330.0,10,26
24.0,331.0,9,13
24.0,332.0,9,106
24.0,333.0,9,45
24.0,334.0,9,21
24.0,335.0,9,15
24.0,336.0,9,27
24.0,337.0,10,169
24.0,338.0,9,23
24.0,339.0,9,14
24.0,340.0,9,4
24.0,341.0,9,28
24.0,343.0,9,18
24.0,344.0,9,10
24.0,345.0,9,13
24.0,346.0,9,8
24.0,347.0,10,219
24.0,349.0,12,21
24.0,350.0,10,16
24.0,351.0,9,11
24.0,352.0,9,7
24.0,353.0,9,176
24.0,354.0,9,107
24.0,355.0,6,24
24.0,356.0,6,6
24.0,357.0,9,8
24.0,358.0,10,7
24.0,359.0,9,13
24.0,361.0,9,14
24.0,362.0,9,23
24.0,363.0,9,32
24.0,364.0,9,35
24.0,365.0,9,3
24.0,366.0,9,4
24.0,367.0,9,4
24.0,370.0,9,2
24.0,372.0,9,4
24.0,374.0,9,48
24.0,375.0,9,10
24.0,376.0,9,18
24.0,377.0,9,15
24.0,378.0,9,9
24.0,379.0,9,35
24.0,380.0,9,18
24.0,381.0,10,1187
24.0,382.0,9,3
24.0,383.0,12,34
24.0,384.0,12,3
24.0,386.0,12,11
24.0,387.0,9,19
24.0,388.0,9,8
24.0,389.0,9,2
24.0,390.0,9,18
24.0,391.0,9,25
24.0,394.0,9,1
24.0,396.0,9,7
24.0,397.0,9,46
24.0,399.0,9,2
24.0,400.0,10,1
24.0,401.0,9,29
24.0,402.0,10,1
24.0,403.0,9,43
24.0,404.0,9,9
24.0,405.0,6,2
24.0,406.0,9,25
24.0,407.0,9,1
24.0,408.0,9,9
24.0,409.0,9,18
24.0,410.0,9,22
24.0,411.0,9,51
24.0,414.0,9,25
24.0,415.0,9,24
24.0,418.0,10,1
24.0,419.0,9,12
24.0,422.0,9,11
24.0,423.0,9,1262
24.0,424.0,9,3
24.0,425.0,9,7
24.0,426.0,7,3
24.0,427.0,9,4
24.0,428.0,9,6
24.0,429.0,9,23
24.0,430.0,9,8
24.0,431.0,9,4
24.0,432.0,9,22
24.0,434.0,6,5
24.0,435.0,9,2
24.0,436.0,9,6
24.0,437.0,9,21
24.0,438.0,9,1
24.0,439.0,9,14
24.0,440.0,9,10
24.0,441.0,9,13
24.0,442.0,9,25
24.0,443.0,9,8
24.0,444.0,9,12
24.0,445.0,9,19
24.0,447.0,9,3
24.0,448.0,9,30
24.0,449.0,9,3
24.0,450.0,9,1
24.0,453.0,9,6
24.0,454.0,9,20
24.0,456.0,9,2
24.0,457.0,9,4
24.0,458.0,10,1
24.0,460.0,9,7
24.0,461.0,9,10
24.0,462.0,9,12
24.0,463.0,9,26
24.0,464.0,9,341
24.0,465.0,9,7
24.0,466.0,9,10
24.0,468.0,9,39
24.0,469.0,9,58
24.0,473.0,12,1
24.0,475.0,10,12
24.0,476.0,9,17
24.0,477.0,9,17
24.0,480.0,9,6
24.0,482.0,9,10
24.0,485.0,9,3
24.0,487.0,8,1
24.0,488.0,9,17
24.0,489.0,10,3
24.0,490.0,9,7
24.0,491.0,9,13
24.0,494.0,9,18
24.0,495.0,9,5
24.0,498.0,9,12
24.0,499.0,10,2
24.0,500.0,10,3
24.0,503.0,9,5
24.0,506.0,9,2
24.0,511.0,9,10
24.0,512.0,9,10
24.0,513.0,12,1
24.0,514.0,9,16
24.0,515.0,9,7
24.0,517.0,9,18
24.0,519.0,9,11
24.0,520.0,9,108
24.0,521.0,9,6
24.0,523.0,9,2
24.0,524.0,9,4
24.0,525.0,12,13
24.0,527.0,9,17
24.0,529.0,12,3
24.0,531.0,9,9
24.0,532.0,10,8
24.0,533.0,9,8
24.0,534.0,9,3
24.0,535.0,12,15
24.0,536.0,9,1
24.0,537.0,6,20
24.0,538.0,4,14
24.0,539.0,7,15
24.0,540.0,4,25
24.0,542.0,9,936
24.0,543.0,10,9
24.0,544.0,9,22
24.0,545.0,9,88
24.0,546.0,9,150
24.0,547.0,10,1
24.0,548.0,9,100
24.0,549.0,9,1
24.0,550.0,9,1
24.0,551.0,9,28
24.0,552.0,9,30
24.0,554.0,9,87
24.0,558.0,9,43
24.0,560.0,9,58
24.0,561.0,10,28
24.0,562.0,9,49
24.0,564.0,9,24
24.0,565.0,9,42
24.0,566.0,9,24
24.0,567.0,9,10
24.0,569.0,9,29
24.0,570.0,9,22
24.0,571.0,9,4
24.0,573.0,6,1
24.0,574.0,12,1
24.0,575.0,9,4
24.0,576.0,9,3
24.0,577.0,9,276
24.0,579.0,9,2
24.0,580.0,9,5
24.0,581.0,10,9
24.0,582.0,9,67
24.0,583.0,9,1
24.0,584.0,9,80
24.0,585.0,9,21
24.0,586.0,9,7
24.0,587.0,9,13
24.0,588.0,9,36
24.0,589.0,9,30
24.0,590.0,9,9
24.0,591.0,10,10
24.0,592.0,9,24
24.0,593.0,12,1
24.0,594.0,12,17
24.0,596.0,9,16
24.0,597.0,9,11
24.0,598.0,10,9
24.0,599.0,9,20
24.0,600.0,9,4
24.0,601.0,9,5
24.0,602.0,12,10
24.0,603.0,9,6
24.0,605.0,9,4
24.0,607.0,9,8
24.0,608.0,9,7
24.0,609.0,9,6
24.0,610.0,9,2
24.0,611.0,9,5
24.0,612.0,9,18
24.0,613.0,9,13
24.0,614.0,9,4
24.0,615.0,10,5
24.0,616.0,10,11
24.0,617.0,9,14
24.0,618.0,9,5
24.0,619.0,9,7
24.0,620.0,9,20
24.0,621.0,9,81
24.0,622.0,4,6
24.0,623.0,9,4
24.0,624.0,9,7
24.0,625.0,7,3
24.0,626.0,9,12
24.0,627.0,10,3
24.0,628.0,9,4
24.0,629.0,9,13
24.0,630.0,9,10
24.0,631.0,10,11
24.0,633.0,9,20
24.0,634.0,9,10
24.0,635.0,9,6
24.0,637.0,10,10
24.0,638.0,9,5
24.0,640.0,9,4
24.0,641.0,9,7
24.0,642.0,4,5
24.0,644.0,9,26
24.0,646.0,12,1
24.0,649.0,6,1
24.0,651.0,12,1
24.0,652.0,12,2
24.0,653.0,6,1
24.0,656.0,6,1
24.0,657.0,4,1
24.0,658.0,12,1
24.0,659.0,9,6
24.0,660.0,12,1
24.0,662.0,6,1
24.0,665.0,6,3
24.0,666.0,6,1
24.0,667.0,10,9
24.0,675.0,9,13
24.0,680.0,12,5
24.0,683.0,12,1
24.0,685.0,10,14
24.0,688.0,12,1
24.0,693.0,9,22
24.0,695.0,10,9
24.0,696.0,12,7
24.0,697.0,9,8
24.0,698.0,9,1
24.0,699.0,9,269
24.0,700.0,9,20
24.0,701.0,9,17
24.0,702.0,9,46
24.0,703.0,9,36
24.0,704.0,10,2
24.0,705.0,9,8
24.0,706.0,9,13
24.0,707.0,10,14
24.0,708.0,9,15
24.0,709.0,9,28
24.0,710.0,9,4
24.0,711.0,9,46
24.0,712.0,9,20
24.0,713.0,9,18
24.0,714.0,9,16
24.0,715.0,9,19
24.0,717.0,9,12
24.0,718.0,9,6
24.0,719.0,9,21
24.0,720.0,9,10
24.0,721.0,10,21
24.0,722.0,9,47
24.0,723.0,9,17
24.0,724.0,9,36
24.0,725.0,9,31
24.0,726.0,9,21
24.0,727.0,9,16
24.0,728.0,9,12
24.0,729.0,9,26
24.0,730.0,9,63
24.0,731.0,9,61
24.0,732.0,9,8
24.0,733.0,9,48
24.0,734.0,9,49
24.0,735.0,9,17
24.0,736.0,9,9
24.0,737.0,9,87
24.0,738.0,9,14
24.0,739.0,9,7
24.0,740.0,9,7
24.0,741.0,9,54
24.0,742.0,9,18
24.0,743.0,9,21
24.0,744.0,9,105
24.0,745.0,9,27
24.0,746.0,9,3
24.0,747.0,9,22
24.0,748.0,9,67
24.0,749.0,9,25
24.0,750.0,9,43
24.0,751.0,9,32
24.0,752.0,9,64
24.0,753.0,9,33
24.0,754.0,9,16
24.0,755.0,9,13
24.0,756.0,9,30
24.0,757.0,9,28
24.0,758.0,9,36
24.0,759.0,9,17
24.0,760.0,12,15
24.0,761.0,9,11
25.0,0.0,9,1314
25.0,2.0,9,183
25.0,3.0,9,540
25.0,5.0,9,4
25.0,6.0,9,2
25.0,7.0,10,9
25.0,9.0,9,10
25.0,10.0,9,8
25.0,11.0,10,25
25.0,12.0,9,11
25.0,13.0,9,12
25.0,14.0,9,17
25.0,15.0,9,15
25.0,16.0,9,26
25.0,17.0,10,38
25.0,18.0,12,15
25.0,19.0,9,33
25.0,20.0,9,34
25.0,21.0,9,18
25.0,22.0,9,13
25.0,23.0,9,12
25.0,24.0,9,14
25.0,25.0,10,1
25.0,26.0,9,35
25.0,27.0,9,19
25.0,28.0,9,1
25.0,29.0,9,4
25.0,30.0,9,4
25.0,31.0,9,57
25.0,33.0,9,4
25.0,34.0,9,17
25.0,35.0,9,5
25.0,36.0,9,11
25.0,38.0,9,9
25.0,39.0,9,2
25.0,40.0,9,3
25.0,41.0,9,21
25.0,43.0,9,2
25.0,45.0,9,12
25.0,46.0,9,18
25.0,47.0,9,4
25.0,48.0,9,3
25.0,49.0,9,1
25.0,50.0,9,14
25.0,51.0,9,4
25.0,52.0,9,16
25.0,54.0,9,45
25.0,55.0,9,2
25.0,56.0,9,4
25.0,57.0,12,5
25.0,58.0,6,1
25.0,59.0,9,4
25.0,61.0,9,9
25.0,62.0,12,4
25.0,63.0,9,5
25.0,64.0,9,5
25.0,65.0,9,7
25.0,66.0,10,7
25.0,67.0,12,2
25.0,68.0,9,30
25.0,69.0,9,3
25.0,71.0,10,1
25.0,72.0,9,1
25.0,73.0,12,1
25.0,75.0,9,5
25.0,76.0,9,6
25.0,78.0,9,2
25.0,80.0,9,1
25.0,81.0,9,6
25.0,82.0,9,2
25.0,84.0,9,320
25.0,85.0,9,497
25.0,86.0,9,88
25.0,87.0,9,39
25.0,88.0,10,34
25.0,89.0,9,26
25.0,90.0,9,7
25.0,91.0,9,14
25.0,92.0,9,16
25.0,93.0,9,13
25.0,94.0,9,13
25.0,95.0,9,5
25.0,96.0,9,28
25.0,97.0,9,6
25.0,98.0,9,11
25.0,99.0,9,10
25.0,100.0,9,11
25.0,101.0,9,14
25.0,102.0,9,4
25.0,103.0,9,1
25.0,105.0,9,21
25.0,106.0,9,2
25.0,107.0,9,9
25.0,108.0,9,30
25.0,109.0,9,6
25.0,110.0,9,10
25.0,111.0,9,15
25.0,112.0,9,9
25.0,113.0,9,8
25.0,114.0,9,3
25.0,115.0,9,99
25.0,116.0,10,4
25.0,117.0,9,6
25.0,118.0,9,6
25.0,119.0,10,4
25.0,120.0,9,3
25.0,122.0,9,4
25.0,123.0,9,17
25.0,124.0,9,5
25.0,125.0,9,9
25.0,127.0,9,3
25.0,128.0,9,18
25.0,129.0,9,4
25.0,130.0,9,11
25.0,131.0,9,5
25.0,132.0,9,9
25.0,135.0,9,23
25.0,136.0,9,3
25.0,137.0,9,35
25.0,138.0,10,11
25.0,139.0,9,36
25.0,140.0,10,5
25.0,141.0,10,9
25.0,142.0,9,1
25.0,143.0,10,15
25.0,144.0,9,13
25.0,148.0,9,8
25.0,149.0,9,2
25.0,150.0,9,21
25.0,151.0,9,5
25.0,152.0,9,17
25.0,153.0,9,4
25.0,154.0,12,1
25.0,156.0,10,13
25.0,157.0,10,16
25.0,158.0,9,2
25.0,160.0,12,2
25.0,161.0,10,4
25.0,162.0,9,5
25.0,163.0,9,8
25.0,164.0,9,1
25.0,165.0,9,7
25.0,166.0,9,1
25.0,167.0,9,5
25.0,168.0,9,7
25.0,169.0,9,6
25.0,170.0,10,4
25.0,171.0,9,3
25.0,172.0,9,9
25.0,173.0,9,9
25.0,174.0,9,29
25.0,175.0,10,22
25.0,176.0,10,5
25.0,177.0,9,3
25.0,178.0,9,34
25.0,179.0,9,12
25.0,180.0,9,22
25.0,181.0,10,2
25.0,182.0,9,18
25.0,183.0,10,1
25.0,184.0,9,100
25.0,185.0,9,2
25.0,186.0,10,2
25.0,187.0,9,18
25.0,188.0,10,2
25.0,189.0,9,6
25.0,190.0,9,8
25.0,193.0,9,22
25.0,194.0,9,9
25.0,195.0,9,4
25.0,196.0,10,4
25.0,197.0,9,7
25.0,198.0,10,1
25.0,199.0,6,2
25.0,200.0,10,4
25.0,201.0,9,14
25.0,202.0,9,2
25.0,203.0,9,2
25.0,204.0,9,12
25.0,205.0,9,3
25.0,206.0,9,7
25.0,208.0,9,11
25.0,209.0,9,6
25.0,210.0,9,4
25.0,211.0,10,4
25.0,212.0,9,4
25.0,213.0,12,5
25.0,214.0,10,3
25.0,216.0,9,13
25.0,217.0,9,10
25.0,218.0,9,5
25.0,219.0,10,2382
25.0,221.0,9,1643
25.0,222.0,9,121
25.0,224.0,9,667
25.0,226.0,9,162
25.0,227.0,9,460
25.0,228.0,9,1951
25.0,229.0,9,4885
25.0,230.0,9,3138
25.0,231.0,9,1185
25.0,232.0,9,955
25.0,233.0,9,680
25.0,234.0,9,897
25.0,235.0,10,59
25.0,236.0,9,438
25.0,238.0,9,516
25.0,239.0,9,599
25.0,241.0,9,1359
25.0,242.0,9,145
25.0,243.0,9,58
25.0,244.0,9,3724
25.0,245.0,9,1364
25.0,246.0,9,80
25.0,247.0,9,872
25.0,248.0,9,597
25.0,250.0,9,845
25.0,251.0,1,468849
25.0,253.0,1,120830
25.0,254.0,1,46473
25.0,256.0,9,676
25.0,257.0,10,370
25.0,258.0,9,553
25.0,259.0,9,61
25.0,260.0,9,7628
25.0,262.0,12,2
25.0,263.0,9,2742
25.0,264.0,10,9
25.0,265.0,12,2200
25.0,266.0,9,529
25.0,267.0,1,175033
25.0,268.0,9,3085
25.0,269.0,9,368
25.0,270.0,9,1459
25.0,271.0,10,1500
25.0,272.0,9,4633
25.0,273.0,9,2878
25.0,274.0,9,347
25.0,275.0,9,3167
25.0,276.0,9,5956
25.0,277.0,10,523
25.0,280.0,9,4
25.0,281.0,10,949
25.0,282.0,10,291
25.0,284.0,9,4540
25.0,285.0,9,1400
25.0,286.0,9,4466
25.0,287.0,10,550
25.0,288.0,9,1231
25.0,289.0,10,3646
25.0,290.0,12,1057
25.0,292.0,9,984
25.0,293.0,9,456
25.0,294.0,12,1240
25.0,296.0,9,422
25.0,297.0,10,834
25.0,298.0,10,610
25.0,299.0,9,1224
25.0,300.0,9,1992
25.0,301.0,9,2884
25.0,302.0,9,1350
25.0,303.0,9,1072
25.0,304.0,10,2492
25.0,305.0,9,2081
25.0,306.0,12,24
25.0,307.0,9,2002
25.0,309.0,9,241
25.0,310.0,9,9745
25.0,311.0,9,704
25.0,312.0,9,71
25.0,313.0,9,1281
25.0,314.0,9,1963
25.0,315.0,10,605
25.0,316.0,9,667
25.0,317.0,9,587
25.0,318.0,9,349
25.0,319.0,9,899
25.0,320.0,9,1101
25.0,321.0,9,59
25.0,322.0,9,10
25.0,323.0,9,5279
25.0,324.0,12,271
25.0,325.0,9,402
25.0,326.0,9,38
25.0,327.0,9,543
25.0,328.0,9,1391
25.0,329.0,9,895
25.0,330.0,10,843
25.0,331.0,12,304
25.0,332.0,9,1354
25.0,333.0,9,636
25.0,334.0,9,604
25.0,335.0,9,516
25.0,336.0,9,346
25.0,337.0,10,1755
25.0,338.0,9,272
25.0,339.0,9,267
25.0,340.0,9,216
25.0,341.0,9,420
25.0,343.0,9,772
25.0,344.0,9,925
25.0,345.0,9,394
25.0,346.0,9,56
25.0,347.0,10,873
25.0,348.0,10,76
25.0,349.0,12,520
25.0,350.0,10,580
25.0,351.0,9,418
25.0,352.0,9,218
25.0,353.0,9,2250
25.0,354.0,9,1862
25.0,355.0,9,1099
25.0,356.0,9,364
25.0,357.0,10,469
25.0,358.0,9,232
25.0,359.0,9,467
25.0,361.0,9,1354
25.0,362.0,9,143
25.0,363.0,9,313
25.0,364.0,9,3348
25.0,365.0,9,38
25.0,366.0,9,332
25.0,367.0,9,263
25.0,368.0,12,3
25.0,370.0,9,521
25.0,371.0,9,235
25.0,372.0,9,397
25.0,373.0,9,121
25.0,374.0,9,1226
25.0,375.0,9,400
25.0,376.0,9,585
25.0,377.0,9,1008
25.0,378.0,9,224
25.0,379.0,9,1096
25.0,380.0,9,540
25.0,381.0,10,250
25.0,382.0,9,6
25.0,383.0,10,70
25.0,384.0,12,6
25.0,386.0,12,64
25.0,387.0,9,24
25.0,388.0,9,17
25.0,390.0,9,47
25.0,391.0,9,38
25.0,394.0,9,1
25.0,396.0,9,17
25.0,397.0,9,74
25.0,399.0,9,6
25.0,400.0,10,2
25.0,401.0,9,56
25.0,402.0,10,7
25.0,403.0,9,83
25.0,404.0,9,14
25.0,406.0,9,37
25.0,408.0,9,8
25.0,409.0,9,22
25.0,410.0,9,32
25.0,411.0,9,71
25.0,412.0,9,12
25.0,414.0,9,60
25.0,415.0,9,33
25.0,416.0,9,1
25.0,418.0,9,1
25.0,419.0,9,11
25.0,422.0,9,3
25.0,423.0,9,655
25.0,424.0,9,12
25.0,425.0,9,22
25.0,426.0,6,7
25.0,427.0,9,16
25.0,428.0,9,13
25.0,429.0,9,28
25.0,430.0,9,12
25.0,431.0,9,3
25.0,432.0,9,77
25.0,433.0,10,1
25.0,434.0,9,10
25.0,435.0,9,4
25.0,436.0,9,15
25.0,437.0,9,35
25.0,438.0,9,1
25.0,439.0,9,34
25.0,440.0,9,23
25.0,441.0,9,15
25.0,442.0,9,40
25.0,443.0,9,23
25.0,444.0,9,24
25.0,445.0,9,30
25.0,446.0,9,1
25.0,447.0,9,16
25.0,448.0,9,59
25.0,449.0,9,22
25.0,450.0,9,5
25.0,451.0,9,3
25.0,453.0,9,8
25.0,454.0,9,28
25.0,456.0,9,6
25.0,457.0,9,20
25.0,458.0,10,3
25.0,460.0,9,23
25.0,461.0,9,342
25.0,462.0,9,27
25.0,463.0,9,646
25.0,464.0,9,105
25.0,465.0,9,10
25.0,466.0,9,21
25.0,467.0,9,3
25.0,468.0,9,59
25.0,469.0,9,128
25.0,473.0,9,2
25.0,475.0,9,23
25.0,476.0,9,22
25.0,477.0,9,18
25.0,479.0,9,6
25.0,480.0,9,5
25.0,482.0,9,12
25.0,484.0,10,1
25.0,487.0,9,4
25.0,488.0,9,21
25.0,489.0,9,6
25.0,490.0,9,6
25.0,491.0,9,10
25.0,494.0,9,40
25.0,495.0,9,12
25.0,498.0,9,14
25.0,499.0,9,1
25.0,500.0,10,4
25.0,503.0,9,13
25.0,507.0,9,2
25.0,510.0,10,1
25.0,511.0,9,18
25.0,512.0,9,5
25.0,513.0,9,3
25.0,514.0,10,45
25.0,515.0,9,8
25.0,517.0,9,31
25.0,518.0,9,2
25.0,519.0,9,4
25.0,520.0,9,229
25.0,521.0,9,20
25.0,523.0,9,5
25.0,524.0,9,5
25.0,525.0,9,5
25.0,527.0,9,9
25.0,529.0,12,4
25.0,531.0,9,13
25.0,532.0,10,19
25.0,533.0,9,18
25.0,534.0,9,4
25.0,535.0,9,26
25.0,536.0,6,8
25.0,537.0,6,9
25.0,538.0,9,23
25.0,539.0,9,11
25.0,540.0,9,11
25.0,542.0,9,235
25.0,543.0,9,2
25.0,544.0,9,5
25.0,545.0,9,7
25.0,546.0,9,26
25.0,548.0,9,21
25.0,551.0,9,7
25.0,552.0,9,3
25.0,554.0,9,24
25.0,558.0,9,8
25.0,560.0,9,8
25.0,561.0,9,4
25.0,562.0,9,10
25.0,564.0,10,1
25.0,565.0,9,6
25.0,566.0,9,9
25.0,567.0,9,4
25.0,568.0,9,2
25.0,569.0,9,16
25.0,570.0,9,2
25.0,571.0,9,2
25.0,575.0,9,1
25.0,576.0,9,2
25.0,577.0,9,113
25.0,579.0,8,3
25.0,580.0,10,1
25.0,581.0,12,4
25.0,582.0,12,13
25.0,584.0,9,32
25.0,585.0,9,3
25.0,587.0,9,5
25.0,588.0,9,9
25.0,589.0,9,3
25.0,590.0,10,2
25.0,591.0,9,1
25.0,592.0,9,2
25.0,594.0,9,4
25.0,596.0,9,3
25.0,597.0,9,3
25.0,598.0,10,4
25.0,599.0,9,15
25.0,600.0,9,2
25.0,602.0,12,2
25.0,603.0,9,2
25.0,604.0,9,1
25.0,605.0,10,3
25.0,607.0,9,2
25.0,609.0,9,4
25.0,612.0,9,3
25.0,613.0,9,3
25.0,615.0,9,3
25.0,616.0,10,2
25.0,617.0,9,7
25.0,618.0,9,1
25.0,620.0,9,15
25.0,621.0,10,27
25.0,622.0,6,8
25.0,623.0,9,3
25.0,624.0,9,2
25.0,626.0,9,3
25.0,628.0,9,2
25.0,629.0,8,1
25.0,630.0,9,2
25.0,631.0,10,3
25.0,633.0,9,8
25.0,634.0,9,3
25.0,635.0,9,1
25.0,637.0,10,6
25.0,638.0,9,8
25.0,640.0,9,2
25.0,642.0,9,4
25.0,644.0,9,2
25.0,646.0,12,1
25.0,652.0,9,2
25.0,653.0,9,1
25.0,654.0,6,1
25.0,657.0,6,1
25.0,658.0,12,1
25.0,659.0,6,2
25.0,660.0,10,1
25.0,662.0,12,1
25.0,663.0,12,1
25.0,667.0,10,2
25.0,675.0,9,1
25.0,676.0,6,1
25.0,680.0,12,2
25.0,685.0,10,1
25.0,692.0,12,1
25.0,693.0,9,7
25.0,695.0,10,5
25.0,696.0,12,1
25.0,697.0,12,2
25.0,699.0,9,36
25.0,700.0,9,11
25.0,701.0,9,6
25.0,702.0,9,11
25.0,703.0,9,5
25.0,705.0,9,2
25.0,706.0,10,5
25.0,707.0,10,1
25.0,708.0,9,11
25.0,709.0,9,5
25.0,711.0,9,7
25.0,712.0,9,3
25.0,713.0,10,1
25.0,714.0,10,5
25.0,715.0,9,3
25.0,717.0,9,1
25.0,718.0,9,3
25.0,719.0,9,2
25.0,720.0,9,8
25.0,721.0,9,8
25.0,722.0,9,2
25.0,723.0,9,5
25.0,724.0,10,11
25.0,725.0,9,11
25.0,726.0,9,4
25.0,727.0,10,2
25.0,728.0,9,1
25.0,729.0,9,1
25.0,730.0,9,21
25.0,731.0,9,5
25.0,732.0,9,2
25.0,733.0,9,17
25.0,734.0,9,5
25.0,735.0,9,6
25.0,736.0,9,2
25.0,737.0,9,17
25.0,738.0,9,4
25.0,739.0,9,1
25.0,740.0,9,1
25.0,741.0,9,7
25.0,742.0,9,3
25.0,743.0,9,7
25.0,744.0,9,18
25.0,745.0,9,5
25.0,747.0,9,7
25.0,748.0,9,5
25.0,749.0,9,7
25.0,750.0,9,12
25.0,751.0,9,11
25.0,752.0,9,3
25.0,753.0,9,5
25.0,754.0,9,2
25.0,755.0,9,3
25.0,756.0,9,4
25.0,757.0,9,2
25.0,758.0,9,7
25.0,759.0,9,2
25.0,760.0,12,7
25.0,761.0,9,1
26.0,0.0,1,885
27.0,3.0,1,4310
28.0,0.0,8,17
28.0,2.0,9,1
28.0,3.0,8,3
28.0,11.0,10,1
28.0,26.0,9,1
28.0,31.0,8,1
28.0,65.0,8,1
28.0,67.0,10,4
28.0,68.0,8,3
28.0,69.0,8,1
28.0,72.0,9,1
28.0,75.0,8,1
28.0,76.0,11,2
28.0,78.0,4,1
28.0,80.0,4,1
28.0,81.0,8,1
28.0,84.0,8,3
28.0,85.0,8,6
28.0,86.0,9,3
28.0,88.0,8,1
28.0,89.0,8,1
28.0,94.0,10,1
28.0,105.0,9,1
28.0,108.0,9,4
28.0,112.0,9,1
28.0,115.0,11,2
28.0,119.0,7,1
28.0,121.0,9,1
28.0,125.0,8,1
28.0,139.0,9,1
28.0,150.0,8,1
28.0,165.0,9,5
28.0,168.0,9,4
28.0,173.0,8,1
28.0,184.0,5,1
28.0,187.0,10,1
28.0,188.0,10,1
28.0,190.0,8,1
28.0,204.0,10,2
28.0,208.0,9,1
28.0,216.0,10,1
28.0,221.0,9,4
28.0,222.0,10,1
28.0,229.0,4,11
28.0,231.0,8,7
28.0,235.0,8,1
28.0,244.0,8,2
28.0,251.0,8,12
28.0,253.0,4,1
28.0,254.0,8,2
28.0,267.0,4,5
28.0,292.0,12,1
28.0,303.0,9,3
28.0,304.0,12,2
28.0,310.0,9,2
28.0,323.0,9,3
28.0,328.0,9,1
28.0,330.0,7,1
28.0,331.0,12,1
28.0,346.0,9,1
28.0,363.0,8,5
28.0,367.0,9,1
28.0,381.0,10,8
28.0,383.0,9,1
28.0,391.0,9,1
28.0,397.0,8,14
28.0,400.0,4,2
28.0,401.0,8,11
28.0,402.0,7,1
28.0,403.0,8,11
28.0,404.0,4,11
28.0,406.0,8,19
28.0,407.0,4,2
28.0,409.0,4,55
28.0,410.0,8,15
28.0,411.0,4,25
28.0,414.0,4,20
28.0,415.0,4,34
28.0,416.0,4,1
28.0,418.0,8,2
28.0,419.0,11,1
28.0,422.0,11,2
28.0,423.0,8,30
28.0,427.0,8,1
28.0,432.0,4,1
28.0,434.0,7,2
28.0,436.0,9,1
28.0,441.0,11,1
28.0,442.0,8,3
28.0,443.0,8,2
28.0,445.0,9,1
28.0,449.0,4,1
28.0,453.0,8,1
28.0,464.0,1,142406
28.0,465.0,9,413
28.0,466.0,1,2444
28.0,467.0,4,7
28.0,468.0,1,6220
28.0,469.0,9,11964
28.0,472.0,9,10
28.0,473.0,4,2
28.0,475.0,9,2540
28.0,476.0,9,810
28.0,477.0,9,2294
28.0,479.0,9,250
28.0,480.0,9,827
28.0,482.0,9,236
28.0,483.0,9,107
28.0,484.0,4,1
28.0,485.0,9,121
28.0,486.0,4,2
28.0,487.0,9,262
28.0,488.0,9,301
28.0,489.0,9,136
28.0,490.0,9,32
28.0,491.0,9,106
28.0,493.0,9,1
28.0,494.0,9,354
28.0,495.0,9,50
28.0,498.0,9,137
28.0,499.0,10,5
28.0,500.0,10,8
28.0,501.0,9,1
28.0,503.0,9,102
28.0,506.0,9,77
28.0,509.0,9,7
28.0,511.0,9,89
28.0,512.0,9,60
28.0,513.0,9,62
28.0,514.0,4,51
28.0,515.0,9,107
28.0,516.0,7,1
28.0,517.0,4,48
28.0,519.0,9,85
28.0,520.0,9,17
28.0,521.0,4,16
28.0,522.0,9,1
28.0,523.0,9,24
28.0,524.0,9,17
28.0,525.0,7,1
28.0,527.0,7,2
28.0,529.0,4,1
28.0,532.0,10,1
28.0,533.0,6,24
28.0,535.0,10,1
28.0,537.0,7,2
28.0,538.0,12,2
28.0,539.0,4,2
28.0,540.0,7,2
28.0,542.0,8,4
28.0,564.0,8,1
28.0,573.0,4,1
28.0,582.0,8,1
28.0,584.0,8,2
28.0,599.0,10,2
28.0,604.0,8,1
28.0,613.0,10,1
28.0,620.0,8,1
28.0,621.0,4,2
28.0,623.0,9,1
28.0,624.0,8,1
28.0,625.0,7,1
28.0,629.0,8,1
28.0,640.0,4,1
28.0,644.0,9,3
28.0,651.0,4,1
28.0,652.0,4,1
28.0,653.0,4,1
28.0,656.0,7,2
28.0,699.0,8,1
28.0,700.0,8,1
28.0,711.0,9,2
28.0,737.0,9,2
28.0,742.0,4,3
28.0,744.0,8,1
28.0,751.0,9,1
28.0,752.0,9,2
28.0,760.0,12,2
28.0,761.0,10,1
29.0,3.0,1,8170
30.0,542.0,1,9421
30.0,544.0,1,205
30.0,545.0,1,181
31.0,0.0,1,2450
31.0,84.0,1,6956
32.0,0.0,3,37705
32.0,2.0,3,5199
32.0,3.0,1,343884
32.0,4.0,9,150
32.0,5.0,9,908
32.0,6.0,9,1441
32.0,7.0,10,2114
32.0,9.0,9,1053
32.0,10.0,9,1669
32.0,11.0,10,1763
32.0,12.0,9,370
32.0,13.0,9,1109
32.0,14.0,9,1463
32.0,15.0,9,1462
32.0,16.0,9,1968
32.0,17.0,2,8016
32.0,18.0,2,6157
32.0,19.0,2,3277
32.0,20.0,2,4172
32.0,21.0,2,5818
32.0,22.0,9,1530
32.0,23.0,9,867
32.0,24.0,2,2490
32.0,25.0,9,51
32.0,26.0,2,15153
32.0,27.0,9,1436
32.0,28.0,9,355
32.0,29.0,9,735
32.0,30.0,9,954
32.0,31.0,2,8594
32.0,33.0,9,827
32.0,34.0,9,2781
32.0,35.0,9,422
32.0,36.0,9,2937
32.0,38.0,9,1791
32.0,39.0,9,425
32.0,40.0,9,1129
32.0,41.0,9,3201
32.0,43.0,9,620
32.0,45.0,9,750
32.0,46.0,9,2492
32.0,47.0,9,736
32.0,48.0,9,826
32.0,49.0,9,569
32.0,50.0,9,1364
32.0,51.0,9,334
32.0,52.0,9,1009
32.0,54.0,2,10740
32.0,55.0,10,817
32.0,56.0,2,1186
32.0,57.0,9,1588
32.0,58.0,6,151
32.0,59.0,9,832
32.0,61.0,9,1216
32.0,62.0,9,965
32.0,63.0,9,1027
32.0,64.0,9,695
32.0,65.0,9,3257
32.0,66.0,9,866
32.0,67.0,9,763
32.0,68.0,9,11503
32.0,69.0,9,933
32.0,71.0,10,352
32.0,72.0,9,1235
32.0,73.0,10,360
32.0,75.0,9,2012
32.0,76.0,9,1463
32.0,78.0,9,1129
32.0,79.0,9,96
32.0,80.0,9,693
32.0,81.0,9,1326
32.0,82.0,12,147
32.0,84.0,3,9400
32.0,85.0,3,15369
32.0,86.0,3,2858
32.0,87.0,9,1065
32.0,88.0,10,699
32.0,89.0,9,316
32.0,90.0,9,232
32.0,91.0,9,446
32.0,92.0,9,464
32.0,93.0,9,446
32.0,94.0,9,468
32.0,95.0,9,250
32.0,96.0,9,1319
32.0,97.0,9,433
32.0,98.0,9,423
32.0,99.0,9,355
32.0,100.0,9,302
32.0,101.0,9,1080
32.0,102.0,9,145
32.0,103.0,9,73
32.0,104.0,9,268
32.0,105.0,9,1007
32.0,106.0,9,214
32.0,107.0,9,314
32.0,108.0,9,843
32.0,109.0,9,167
32.0,110.0,9,459
32.0,111.0,9,666
32.0,112.0,9,518
32.0,113.0,9,319
32.0,114.0,9,207
32.0,115.0,9,4275
32.0,116.0,9,279
32.0,117.0,9,218
32.0,118.0,9,471
32.0,119.0,9,115
32.0,120.0,9,167
32.0,121.0,9,37
32.0,122.0,9,129
32.0,123.0,9,545
32.0,124.0,9,268
32.0,125.0,9,639
32.0,127.0,9,465
32.0,128.0,9,630
32.0,129.0,9,134
32.0,130.0,9,262
32.0,131.0,9,85
32.0,132.0,9,269
32.0,134.0,12,388
32.0,135.0,9,888
32.0,136.0,10,67
32.0,137.0,9,690
32.0,138.0,10,1831
32.0,139.0,10,10636
32.0,140.0,10,252
32.0,141.0,10,320
32.0,142.0,9,111
32.0,143.0,10,1318
32.0,144.0,9,3315
32.0,148.0,9,214
32.0,149.0,9,50
32.0,150.0,9,656
32.0,151.0,9,149
32.0,152.0,9,582
32.0,153.0,9,427
32.0,154.0,10,930
32.0,156.0,10,3063
32.0,157.0,10,2468
32.0,158.0,10,1043
32.0,160.0,10,916
32.0,161.0,10,268
32.0,162.0,9,337
32.0,163.0,9,335
32.0,164.0,9,79
32.0,165.0,9,502
32.0,166.0,9,160
32.0,167.0,9,277
32.0,168.0,9,691
32.0,169.0,9,222
32.0,170.0,9,455
32.0,171.0,10,269
32.0,172.0,9,190
32.0,173.0,9,489
32.0,174.0,9,912
32.0,175.0,9,882
32.0,176.0,9,344
32.0,177.0,9,146
32.0,178.0,9,982
32.0,179.0,9,207
32.0,180.0,9,340
32.0,181.0,10,2081
32.0,182.0,10,2556
32.0,183.0,9,188
32.0,184.0,9,3808
32.0,185.0,9,82
32.0,186.0,9,149
32.0,187.0,9,553
32.0,188.0,10,57
32.0,189.0,9,379
32.0,190.0,9,127
32.0,193.0,9,772
32.0,194.0,9,163
32.0,195.0,9,111
32.0,196.0,9,570
32.0,197.0,9,114
32.0,198.0,10,186
32.0,199.0,9,237
32.0,200.0,9,73
32.0,201.0,10,643
32.0,202.0,9,117
32.0,203.0,9,103
32.0,204.0,9,249
32.0,205.0,9,419
32.0,206.0,9,409
32.0,207.0,9,27
32.0,208.0,9,408
32.0,209.0,9,1028
32.0,210.0,9,597
32.0,211.0,10,335
32.0,212.0,10,1169
32.0,213.0,12,802
32.0,214.0,9,581
32.0,216.0,9,223
32.0,217.0,9,191
32.0,218.0,9,210
32.0,219.0,9,59
32.0,221.0,9,70
32.0,222.0,10,2
32.0,224.0,9,21
32.0,226.0,9,10
32.0,227.0,9,8
32.0,228.0,10,111
32.0,229.0,9,2825
32.0,230.0,9,82
32.0,231.0,9,38
32.0,232.0,9,40
32.0,233.0,9,74
32.0,234.0,9,198
32.0,235.0,9,2
32.0,236.0,9,14
32.0,238.0,9,12
32.0,239.0,9,17
32.0,241.0,9,38
32.0,242.0,9,4
32.0,244.0,9,140
32.0,245.0,9,27
32.0,246.0,9,4
32.0,247.0,9,19
32.0,248.0,9,8
32.0,250.0,9,20
32.0,251.0,10,1528
32.0,253.0,10,388
32.0,254.0,9,91
32.0,256.0,9,11
32.0,257.0,10,3
32.0,258.0,9,5
32.0,259.0,6,2
32.0,260.0,9,54
32.0,263.0,9,57
32.0,265.0,12,33
32.0,266.0,9,4
32.0,267.0,9,714
32.0,268.0,9,25
32.0,269.0,9,3
32.0,270.0,9,7
32.0,271.0,10,12
32.0,272.0,9,21
32.0,273.0,9,17
32.0,274.0,9,1
32.0,275.0,10,8
32.0,276.0,9,29
32.0,277.0,10,8
32.0,281.0,10,18
32.0,282.0,10,3
32.0,284.0,9,50
32.0,285.0,9,7
32.0,286.0,9,32
32.0,287.0,10,11
32.0,288.0,9,9
32.0,289.0,10,32
32.0,290.0,12,10
32.0,292.0,9,3
32.0,293.0,9,8
32.0,294.0,12,9
32.0,296.0,10,4
32.0,297.0,10,118
32.0,298.0,10,19
32.0,299.0,9,12
32.0,300.0,9,24
32.0,301.0,9,16
32.0,302.0,10,8
32.0,303.0,9,10
32.0,304.0,10,16
32.0,305.0,9,15
32.0,306.0,12,2
32.0,307.0,9,53
32.0,309.0,9,9
32.0,310.0,9,1581
32.0,311.0,9,24
32.0,312.0,9,2
32.0,313.0,9,219
32.0,314.0,9,175
32.0,315.0,9,55
32.0,316.0,9,16
32.0,317.0,9,112
32.0,318.0,9,122
32.0,319.0,9,130
32.0,320.0,9,184
32.0,321.0,9,10
32.0,322.0,9,3
32.0,323.0,9,211
32.0,324.0,6,70
32.0,325.0,9,83
32.0,326.0,9,15
32.0,327.0,9,132
32.0,328.0,9,123
32.0,329.0,9,185
32.0,330.0,10,172
32.0,331.0,9,45
32.0,332.0,9,179
32.0,333.0,9,97
32.0,334.0,9,196
32.0,335.0,9,124
32.0,336.0,9,123
32.0,337.0,10,1095
32.0,338.0,9,116
32.0,339.0,10,89
32.0,340.0,9,41
32.0,341.0,9,149
32.0,343.0,9,16
32.0,344.0,9,154
32.0,345.0,9,106
32.0,346.0,9,18
32.0,347.0,10,419
32.0,348.0,10,27
32.0,349.0,12,123
32.0,350.0,10,124
32.0,351.0,9,101
32.0,352.0,9,69
32.0,353.0,9,379
32.0,354.0,9,388
32.0,355.0,9,60
32.0,356.0,9,57
32.0,357.0,10,81
32.0,358.0,9,49
32.0,359.0,9,101
32.0,361.0,9,290
32.0,362.0,9,96
32.0,363.0,9,211
32.0,364.0,9,768
32.0,365.0,9,7
32.0,366.0,9,20
32.0,367.0,9,21
32.0,368.0,12,1
32.0,370.0,9,108
32.0,371.0,9,4
32.0,372.0,9,105
32.0,373.0,9,2
32.0,374.0,9,270
32.0,375.0,9,141
32.0,376.0,9,158
32.0,377.0,9,55
32.0,378.0,9,12
32.0,379.0,9,62
32.0,380.0,9,198
32.0,381.0,10,2788
32.0,382.0,9,2
32.0,383.0,10,43
32.0,386.0,12,16
32.0,387.0,9,24
32.0,388.0,10,16
32.0,389.0,9,3
32.0,390.0,9,25
32.0,391.0,9,38
32.0,394.0,6,5
32.0,396.0,9,20
32.0,397.0,9,51
32.0,399.0,9,1
32.0,400.0,10,5
32.0,401.0,9,25
32.0,402.0,10,3
32.0,403.0,9,32
32.0,404.0,9,5
32.0,406.0,9,37
32.0,407.0,9,2
32.0,408.0,9,3
32.0,409.0,9,16
32.0,410.0,9,19
32.0,411.0,9,34
32.0,412.0,9,5
32.0,414.0,9,25
32.0,415.0,9,42
32.0,416.0,10,5
32.0,418.0,9,3
32.0,419.0,9,16
32.0,422.0,9,14
32.0,423.0,9,2397
32.0,424.0,9,3
32.0,425.0,9,12
32.0,426.0,9,6
32.0,427.0,9,6
32.0,428.0,9,8
32.0,429.0,9,25
32.0,430.0,9,8
32.0,431.0,9,5
32.0,432.0,9,47
32.0,433.0,10,1
32.0,434.0,9,4
32.0,435.0,9,3
32.0,436.0,9,12
32.0,437.0,9,18
32.0,438.0,9,1
32.0,439.0,9,23
32.0,440.0,9,20
32.0,441.0,9,11
32.0,442.0,9,21
32.0,443.0,9,16
32.0,444.0,9,14
32.0,445.0,9,19
32.0,447.0,9,6
32.0,448.0,9,34
32.0,449.0,9,5
32.0,450.0,9,1
32.0,451.0,9,1
32.0,453.0,9,6
32.0,454.0,9,18
32.0,456.0,9,4
32.0,457.0,9,7
32.0,458.0,9,2
32.0,460.0,9,16
32.0,461.0,9,6
32.0,462.0,9,19
32.0,463.0,9,28
32.0,464.0,9,445
32.0,465.0,9,8
32.0,466.0,9,9
32.0,467.0,9,2
32.0,468.0,9,60
32.0,469.0,9,90
32.0,475.0,9,13
32.0,476.0,9,16
32.0,477.0,9,26
32.0,479.0,9,3
32.0,480.0,9,3
32.0,482.0,9,9
32.0,483.0,9,2
32.0,485.0,9,2
32.0,486.0,10,1
32.0,488.0,9,16
32.0,489.0,9,3
32.0,490.0,9,11
32.0,491.0,9,10
32.0,493.0,9,2
32.0,494.0,9,35
32.0,495.0,9,5
32.0,498.0,9,17
32.0,500.0,10,1
32.0,503.0,9,10
32.0,506.0,9,2
32.0,511.0,9,11
32.0,512.0,9,4
32.0,514.0,9,13
32.0,515.0,9,4
32.0,517.0,9,32
32.0,518.0,9,1
32.0,519.0,9,9
32.0,520.0,9,121
32.0,521.0,9,10
32.0,523.0,9,4
32.0,524.0,9,4
32.0,525.0,12,10
32.0,527.0,9,11
32.0,529.0,6,1
32.0,530.0,12,2
32.0,531.0,12,6
32.0,532.0,12,12
32.0,533.0,9,11
32.0,534.0,9,4
32.0,535.0,9,15
32.0,536.0,6,5
32.0,537.0,6,13
32.0,538.0,9,12
32.0,539.0,9,4
32.0,540.0,9,6
32.0,542.0,9,2284
32.0,543.0,9,7
32.0,544.0,9,12
32.0,545.0,9,32
32.0,546.0,9,342
32.0,547.0,9,3
32.0,548.0,9,216
32.0,549.0,9,1
32.0,550.0,9,7
32.0,551.0,9,49
32.0,552.0,9,59
32.0,553.0,9,2
32.0,554.0,9,220
32.0,555.0,10,9
32.0,558.0,9,92
32.0,560.0,9,78
32.0,561.0,9,29
32.0,562.0,9,79
32.0,564.0,9,27
32.0,565.0,9,23
32.0,566.0,9,68
32.0,567.0,9,29
32.0,568.0,9,3
32.0,569.0,9,118
32.0,570.0,9,55
32.0,571.0,9,9
32.0,573.0,9,1
32.0,574.0,9,2
32.0,575.0,9,5
32.0,576.0,9,12
32.0,577.0,9,331
32.0,579.0,9,8
32.0,580.0,9,3
32.0,581.0,10,4
32.0,582.0,9,33
32.0,583.0,9,2
32.0,584.0,9,172
32.0,585.0,9,41
32.0,586.0,9,10
32.0,587.0,10,22
32.0,588.0,9,72
32.0,589.0,9,26
32.0,590.0,10,9
32.0,591.0,9,24
32.0,592.0,9,52
32.0,593.0,10,1
32.0,594.0,12,20
32.0,596.0,9,31
32.0,597.0,9,23
32.0,598.0,9,19
32.0,599.0,9,49
32.0,600.0,9,5
32.0,601.0,9,13
32.0,602.0,12,8
32.0,603.0,9,12
32.0,604.0,9,10
32.0,605.0,9,2
32.0,607.0,9,20
32.0,608.0,9,23
32.0,609.0,9,16
32.0,610.0,9,5
32.0,611.0,9,2
32.0,612.0,9,28
32.0,613.0,9,13
32.0,614.0,9,2
32.0,615.0,9,23
32.0,616.0,10,14
32.0,617.0,9,30
32.0,618.0,9,2
32.0,619.0,9,5
32.0,620.0,9,44
32.0,621.0,9,74
32.0,622.0,9,8
32.0,623.0,9,13
32.0,624.0,9,19
32.0,625.0,12,5
32.0,626.0,9,11
32.0,627.0,10,1
32.0,628.0,9,6
32.0,629.0,9,27
32.0,630.0,9,10
32.0,631.0,10,6
32.0,633.0,9,28
32.0,634.0,9,30
32.0,635.0,9,21
32.0,637.0,10,15
32.0,638.0,9,28
32.0,640.0,9,7
32.0,641.0,9,7
32.0,642.0,9,18
32.0,644.0,9,59
32.0,646.0,6,1
32.0,649.0,6,2
32.0,651.0,6,2
32.0,652.0,6,2
32.0,653.0,6,5
32.0,654.0,6,1
32.0,656.0,6,1
32.0,658.0,12,5
32.0,659.0,10,8
32.0,660.0,10,5
32.0,662.0,12,2
32.0,665.0,12,3
32.0,667.0,10,3
32.0,668.0,12,1
32.0,670.0,6,1
32.0,673.0,10,1
32.0,675.0,12,2
32.0,676.0,6,1
32.0,680.0,12,4
32.0,683.0,10,1
32.0,684.0,10,1
32.0,685.0,9,20
32.0,688.0,12,2
32.0,692.0,10,3
32.0,693.0,9,17
32.0,694.0,6,1
32.0,695.0,9,3
32.0,696.0,9,3
32.0,697.0,9,7
32.0,698.0,10,1
32.0,699.0,9,348
32.0,700.0,9,37
32.0,701.0,9,47
32.0,702.0,9,71
32.0,703.0,9,66
32.0,705.0,9,22
32.0,706.0,9,33
32.0,707.0,10,3
32.0,708.0,9,38
32.0,709.0,9,25
32.0,710.0,9,10
32.0,711.0,9,77
32.0,712.0,9,23
32.0,713.0,9,34
32.0,714.0,9,25
32.0,715.0,9,31
32.0,717.0,9,13
32.0,718.0,9,9
32.0,719.0,9,17
32.0,720.0,9,7
32.0,721.0,9,121
32.0,722.0,9,29
32.0,723.0,9,28
32.0,724.0,10,47
32.0,725.0,9,29
32.0,726.0,9,42
32.0,727.0,10,25
32.0,728.0,9,13
32.0,729.0,9,18
32.0,730.0,9,126
32.0,731.0,9,56
32.0,732.0,9,8
32.0,733.0,9,100
32.0,734.0,9,88
32.0,735.0,9,50
32.0,736.0,9,35
32.0,737.0,9,202
32.0,738.0,9,11
32.0,739.0,9,7
32.0,740.0,9,3
32.0,741.0,9,25
32.0,742.0,9,159
32.0,743.0,9,92
32.0,744.0,9,94
32.0,745.0,9,40
32.0,746.0,9,3
32.0,747.0,9,41
32.0,748.0,9,302
32.0,749.0,9,132
32.0,750.0,9,95
32.0,751.0,9,70
32.0,752.0,9,79
32.0,753.0,9,30
32.0,754.0,9,28
32.0,755.0,9,32
32.0,756.0,9,40
32.0,757.0,9,27
32.0,758.0,9,54
32.0,759.0,9,17
32.0,760.0,12,40
32.0,761.0,9,14
33.0,3.0,1,8729
34.0,3.0,1,182
35.0,3.0,1,1840
36.0,3.0,1,4535
37.0,0.0,1,9
37.0,84.0,1,1089
37.0,85.0,1,1647
38.0,2.0,1,468
39.0,3.0,1,5145
40.0,3.0,1,3718
41.0,3.0,1,6797
42.0,0.0,8,42
42.0,2.0,8,4
42.0,3.0,7,7
42.0,7.0,7,2
42.0,14.0,8,5
42.0,16.0,7,2
42.0,17.0,12,1
42.0,19.0,11,18
42.0,21.0,7,9
42.0,26.0,11,1
42.0,31.0,8,8
42.0,34.0,8,3
42.0,41.0,8,2
42.0,45.0,8,1
42.0,52.0,8,2
42.0,54.0,8,1
42.0,56.0,8,1
42.0,57.0,10,1
42.0,59.0,10,2
42.0,75.0,7,3
42.0,84.0,7,11
42.0,85.0,8,6
42.0,86.0,9,1
42.0,87.0,7,2
42.0,91.0,9,1
42.0,96.0,9,1
42.0,98.0,8,1
42.0,108.0,9,2
42.0,115.0,7,2
42.0,118.0,9,2
42.0,123.0,8,1
42.0,138.0,8,2
42.0,139.0,7,1
42.0,150.0,8,1
42.0,152.0,7,8
42.0,157.0,7,1
42.0,161.0,8,1
42.0,164.0,8,1
42.0,165.0,8,2
42.0,168.0,8,1
42.0,175.0,8,1
42.0,184.0,8,4
42.0,187.0,11,1
42.0,190.0,8,1
42.0,197.0,9,1
42.0,203.0,8,2
42.0,224.0,8,4
42.0,229.0,8,7
42.0,231.0,8,4
42.0,232.0,7,2
42.0,233.0,7,1
42.0,241.0,8,3
42.0,244.0,7,4
42.0,250.0,11,1
42.0,251.0,8,25
42.0,253.0,8,10
42.0,254.0,8,5
42.0,260.0,8,2
42.0,263.0,4,12
42.0,265.0,4,6
42.0,267.0,8,14
42.0,268.0,4,1
42.0,271.0,4,2
42.0,273.0,4,1
42.0,276.0,8,4
42.0,277.0,7,1
42.0,284.0,8,2
42.0,288.0,8,1
42.0,289.0,7,3
42.0,290.0,8,1
42.0,292.0,7,2
42.0,293.0,8,6
42.0,294.0,8,12
42.0,296.0,8,6
42.0,297.0,7,3
42.0,299.0,8,6
42.0,300.0,8,21
42.0,302.0,4,7
42.0,303.0,7,2
42.0,304.0,4,25
42.0,305.0,8,15
42.0,307.0,8,6
42.0,310.0,7,5
42.0,311.0,4,1
42.0,313.0,4,1
42.0,314.0,8,2
42.0,319.0,7,2
42.0,320.0,7,2
42.0,323.0,8,2
42.0,330.0,6,3
42.0,337.0,7,2
42.0,343.0,4,3
42.0,344.0,4,2
42.0,347.0,7,7
42.0,349.0,12,1
42.0,353.0,8,1
42.0,354.0,9,1
42.0,361.0,4,6
42.0,363.0,8,12
42.0,364.0,4,4
42.0,366.0,11,3
42.0,367.0,8,2
42.0,370.0,8,10
42.0,372.0,8,1
42.0,374.0,8,2
42.0,375.0,8,1
42.0,379.0,8,1
42.0,380.0,8,1
42.0,381.0,1,242046
42.0,382.0,7,1
42.0,383.0,1,9229
42.0,384.0,7,5
42.0,386.0,9,693
42.0,387.0,9,2464
42.0,388.0,9,1315
42.0,389.0,9,121
42.0,390.0,9,2891
42.0,391.0,9,4384
42.0,394.0,9,223
42.0,396.0,9,1063
42.0,397.0,9,114
42.0,398.0,9,6
42.0,399.0,9,103
42.0,400.0,10,28
42.0,401.0,8,7
42.0,402.0,12,141
42.0,403.0,8,1
42.0,404.0,10,69
42.0,405.0,6,17
42.0,406.0,9,5051
42.0,407.0,9,88
42.0,408.0,9,447
42.0,409.0,9,2263
42.0,410.0,9,3884
42.0,411.0,9,10030
42.0,414.0,8,11
42.0,415.0,9,1223
42.0,416.0,7,1
42.0,418.0,9,250
42.0,419.0,9,1221
42.0,422.0,9,550
42.0,423.0,8,51
42.0,424.0,8,3
42.0,425.0,8,1
42.0,427.0,8,1
42.0,429.0,8,2
42.0,430.0,8,1
42.0,432.0,8,5
42.0,434.0,7,1
42.0,436.0,8,1
42.0,437.0,7,2
42.0,439.0,8,3
42.0,440.0,8,11
42.0,441.0,4,1
42.0,442.0,8,6
42.0,443.0,8,2
42.0,445.0,8,2
42.0,449.0,8,1
42.0,453.0,8,1
42.0,454.0,4,1
42.0,457.0,8,3
42.0,458.0,8,6
42.0,460.0,8,7
42.0,461.0,4,4
42.0,462.0,8,3
42.0,463.0,8,2
42.0,464.0,4,10
42.0,465.0,4,1
42.0,466.0,4,4
42.0,468.0,4,2
42.0,469.0,4,15
42.0,475.0,8,3
42.0,476.0,4,1
42.0,488.0,7,2
42.0,494.0,7,2
42.0,495.0,9,2
42.0,503.0,4,3
42.0,512.0,7,1
42.0,514.0,4,9
42.0,515.0,7,2
42.0,517.0,4,3
42.0,520.0,4,6
42.0,523.0,4,1
42.0,527.0,8,2
42.0,529.0,11,3
42.0,533.0,7,7
42.0,535.0,7,9
42.0,538.0,7,4
42.0,539.0,8,2
42.0,540.0,7,5
42.0,542.0,7,13
42.0,546.0,8,3
42.0,548.0,7,1
42.0,551.0,8,3
42.0,554.0,8,7
42.0,565.0,8,2
42.0,567.0,8,1
42.0,569.0,8,1
42.0,577.0,9,9
42.0,584.0,7,2
42.0,588.0,8,3
42.0,594.0,9,2
42.0,596.0,9,1
42.0,603.0,4,2
42.0,604.0,8,1
42.0,605.0,10,1
42.0,609.0,8,2
42.0,610.0,4,2
42.0,611.0,9,1
42.0,613.0,8,1
42.0,628.0,8,1
42.0,631.0,8,1
42.0,633.0,8,4
42.0,637.0,11,2
42.0,642.0,8,1
42.0,699.0,8,3
42.0,703.0,7,2
42.0,711.0,7,4
42.0,723.0,8,1
42.0,725.0,8,1
42.0,727.0,7,2
42.0,730.0,8,1
42.0,731.0,7,2
42.0,732.0,9,1
42.0,734.0,8,1
42.0,737.0,7,3
42.0,740.0,8,1
42.0,743.0,8,1
42.0,744.0,8,2
42.0,747.0,8,1
42.0,750.0,8,1
42.0,751.0,8,1
42.0,753.0,8,1
42.0,756.0,8,1
42.0,760.0,7,1
43.0,3.0,1,15258
44.0,84.0,1,2401
45.0,3.0,1,5157
46.0,139.0,1,1235
47.0,584.0,1,44045
47.0,585.0,1,2900
47.0,586.0,9,980
47.0,587.0,9,1716
47.0,588.0,1,8431
47.0,589.0,9,2266
47.0,590.0,9,867
47.0,591.0,9,1464
47.0,592.0,9,3099
47.0,593.0,12,98
47.0,594.0,12,1817
47.0,596.0,9,3386
47.0,597.0,9,2382
47.0,598.0,9,1719
47.0,599.0,9,5045
47.0,600.0,9,528
47.0,601.0,9,1258
47.0,602.0,12,322
47.0,603.0,9,2351
47.0,604.0,9,381
47.0,605.0,9,1112
47.0,607.0,9,2274
47.0,608.0,9,763
47.0,609.0,9,1974
47.0,610.0,9,632
47.0,611.0,9,258
47.0,612.0,9,2603
47.0,613.0,9,1527
47.0,614.0,9,276
47.0,615.0,9,1599
47.0,616.0,12,1073
47.0,617.0,9,2070
47.0,618.0,9,306
