CENTRAL_PINCODE,WAREHOUSE_CODE,zone,Count
381.0,16.0,D,0
381.0,20.0,D,0
381.0,28.0,C,0
305.0,47.0,D,0
52.0,21.0,D,0
388.0,47.0,D,0
684.0,24.0,E,0
693.0,16.0,E,0
696.0,47.0,E,0
693.0,42.0,E,0
735.0,47.0,B,0
649.0,47.0,E,0
573.0,21.0,E,0
693.0,47.0,E,0
175.0,12.0,D,0
175.0,42.0,D,0
649.0,24.0,E,0
649.0,25.0,E,0
649.0,32.0,E,0
649.0,42.0,E,0
175.0,47.0,D,0
229.0,28.0,C,0
749.0,47.0,B,0
303.0,42.0,D,0
391.0,16.0,D,0
422.0,20.0,D,0
422.0,28.0,D,0
415.0,47.0,D,0
229.0,47.0,D,0
272.0,42.0,D,0
385.0,24.0,C,0
385.0,42.0,B,0
272.0,47.0,D,0
409.0,20.0,D,0
302.0,20.0,D,0
108.0,47.0,D,0
538.0,20.0,D,0
538.0,47.0,D,0
108.0,12.0,E,0
108.0,42.0,D,0
88.0,47.0,D,0
747.0,42.0,D,0
105.0,12.0,E,0
105.0,42.0,D,0
105.0,47.0,D,0
160.0,21.0,D,0
655.0,12.0,E,0
182.0,47.0,D,0
314.0,20.0,D,0
314.0,16.0,D,0
442.0,16.0,D,0
442.0,28.0,B,0
442.0,42.0,D,0
157.0,42.0,D,0
157.0,47.0,D,0
694.0,21.0,E,0
694.0,25.0,E,0
157.0,20.0,B,0
157.0,21.0,D,0
304.0,20.0,D,0
113.0,47.0,D,0
437.0,20.0,D,0
129.0,20.0,B,0
382.0,42.0,A,0
186.0,19.0,D,0
397.0,16.0,D,0
507.0,28.0,B,0
468.0,42.0,B,0
507.0,19.0,D,0
598.0,42.0,D,0
521.0,28.0,B,0
521.0,42.0,B,0
404.0,16.0,D,0
498.0,47.0,D,0
472.0,24.0,D,0
472.0,28.0,B,0
759.0,16.0,D,0
549.0,25.0,D,0
484.0,25.0,D,0
484.0,28.0,B,0
487.0,19.0,D,0
552.0,42.0,D,0
704.0,25.0,D,0
501.0,32.0,D,0
488.0,16.0,D,0
488.0,42.0,D,0
321.0,21.0,D,0
321.0,24.0,D,0
552.0,47.0,B,0
333.0,47.0,D,0
335.0,16.0,B,0
333.0,20.0,D,0
93.0,20.0,B,0
93.0,42.0,D,0
673.0,25.0,D,0
673.0,12.0,D,0
243.0,19.0,D,0
243.0,24.0,D,0
725.0,47.0,D,0
243.0,32.0,D,0
289.0,47.0,D,0
253.0,47.0,D,0
725.0,21.0,D,0
173.0,47.0,D,0
462.0,19.0,D,0
253.0,20.0,D,0
253.0,42.0,D,0
462.0,47.0,D,0
253.0,12.0,E,0
253.0,16.0,D,0
499.0,32.0,D,0
648.0,21.0,E,0
140.0,21.0,D,0
148.0,20.0,B,0
35.0,21.0,D,0
10.0,42.0,C,0
399.0,19.0,D,0
259.0,19.0,D,0
259.0,21.0,D,0
163.0,20.0,B,0
244.0,47.0,D,0
756.0,20.0,D,0
756.0,47.0,B,0
756.0,16.0,D,0
110.0,42.0,D,0
110.0,47.0,D,0
116.0,47.0,D,0
207.0,19.0,D,0
162.0,16.0,B,0
162.0,42.0,D,0
162.0,47.0,D,0
75.0,47.0,E,0
75.0,16.0,E,0
695.0,47.0,E,0
405.0,47.0,D,0
423.0,12.0,E,0
695.0,20.0,E,0
695.0,32.0,E,0
405.0,19.0,D,0
405.0,42.0,D,0
574.0,21.0,E,0
574.0,42.0,E,0
265.0,47.0,D,0
664.0,12.0,E,0
664.0,21.0,E,0
664.0,24.0,E,0
265.0,28.0,D,0
564.0,16.0,D,0
564.0,20.0,D,0
564.0,42.0,D,0
545.0,47.0,B,0
545.0,28.0,D,0
593.0,32.0,D,0
545.0,42.0,D,0
633.0,20.0,E,0
544.0,20.0,D,0
610.0,12.0,E,0
268.0,47.0,D,0
268.0,42.0,B,0
745.0,47.0,B,0
745.0,16.0,D,0
423.0,47.0,D,0
59.0,19.0,E,0
739.0,47.0,B,0
248.0,19.0,D,0
566.0,47.0,B,0
566.0,12.0,E,0
355.0,47.0,D,0
208.0,20.0,D,0
164.0,20.0,B,0
164.0,21.0,D,0
579.0,19.0,B,0
336.0,19.0,D,0
428.0,42.0,B,0
560.0,16.0,D,0
712.0,47.0,D,0
560.0,47.0,A,0
659.0,42.0,E,0
177.0,20.0,B,0
177.0,21.0,D,0
177.0,25.0,D,0
707.0,25.0,D,0
204.0,47.0,D,0
384.0,42.0,A,0
114.0,47.0,D,0
327.0,19.0,D,0
125.0,42.0,D,0
125.0,12.0,E,0
125.0,16.0,B,0
677.0,25.0,E,0
149.0,20.0,D,0
736.0,42.0,D,0
554.0,12.0,B,0
353.0,47.0,D,0
197.0,19.0,D,0
554.0,47.0,B,0
741.0,28.0,D,0
741.0,42.0,D,0
109.0,47.0,D,0
109.0,42.0,D,0
166.0,47.0,D,0
613.0,42.0,D,0
166.0,20.0,B,0
217.0,47.0,D,0
45.0,19.0,D,0
131.0,20.0,B,0
622.0,42.0,E,0
580.0,19.0,B,0
580.0,25.0,D,0
580.0,42.0,D,0
543.0,47.0,B,0
370.0,28.0,D,0
514.0,20.0,D,0
165.0,42.0,D,0
719.0,47.0,B,0
757.0,47.0,B,0
46.0,42.0,D,0
46.0,47.0,D,0
137.0,20.0,D,0
188.0,19.0,D,0
290.0,42.0,D,0
232.0,47.0,D,0
330.0,16.0,D,0
232.0,19.0,D,0
232.0,21.0,D,0
753.0,20.0,D,0
753.0,47.0,B,0
25.0,25.0,D,0
463.0,28.0,B,0
463.0,47.0,D,0
702.0,47.0,D,0
662.0,42.0,E,0
662.0,21.0,E,0
662.0,25.0,E,0
662.0,32.0,E,0
438.0,24.0,D,0
142.0,19.0,D,0
142.0,25.0,D,0
7.0,47.0,D,0
354.0,47.0,D,0
354.0,16.0,D,0
711.0,42.0,D,0
71.0,21.0,E,0
711.0,47.0,B,0
196.0,20.0,B,0
315.0,47.0,D,0
509.0,21.0,B,0
509.0,32.0,D,0
383.0,47.0,D,0
241.0,47.0,D,0
737.0,47.0,B,0
341.0,20.0,D,0
132.0,20.0,B,0
132.0,16.0,B,0
194.0,19.0,D,0
16.0,42.0,D,0
701.0,28.0,D,0
618.0,25.0,D,0
701.0,47.0,B,0
364.0,47.0,B,0
364.0,16.0,D,0
323.0,47.0,D,0
377.0,42.0,D,0
584.0,20.0,D,0
584.0,28.0,D,0
584.0,42.0,D,0
260.0,28.0,C,0
117.0,47.0,D,0
561.0,47.0,B,0
467.0,28.0,A,0
561.0,20.0,D,0
760.0,47.0,D,0
287.0,42.0,D,0
555.0,21.0,D,0
555.0,24.0,D,0
555.0,25.0,D,0
371.0,32.0,D,0
461.0,42.0,B,0
461.0,47.0,D,0
135.0,42.0,D,0
135.0,16.0,B,0
211.0,42.0,D,0
267.0,47.0,D,0
374.0,47.0,B,0
562.0,20.0,D,0
562.0,28.0,D,0
267.0,12.0,E,0
267.0,16.0,D,0
562.0,47.0,B,0
267.0,28.0,D,0
670.0,12.0,D,0
670.0,21.0,D,0
670.0,25.0,E,0
489.0,32.0,D,0
489.0,42.0,D,0
731.0,12.0,E,0
731.0,16.0,D,0
118.0,42.0,D,0
731.0,47.0,B,0
118.0,16.0,B,0
631.0,16.0,E,0
631.0,20.0,E,0
602.0,25.0,D,0
127.0,20.0,B,0
154.0,28.0,D,0
686.0,12.0,E,0
210.0,21.0,D,0
153.0,20.0,B,0
485.0,19.0,D,0
485.0,25.0,D,0
89.0,16.0,B,0
301.0,42.0,D,0
699.0,47.0,B,0
301.0,47.0,D,0
200.0,21.0,D,0
200.0,19.0,D,0
700.0,16.0,D,0
700.0,42.0,D,0
700.0,47.0,B,0
699.0,42.0,D,0
642.0,42.0,E,0
435.0,19.0,D,0
435.0,47.0,D,0
40.0,42.0,D,0
539.0,42.0,B,0
678.0,32.0,E,0
671.0,12.0,D,0
292.0,16.0,D,0
292.0,20.0,D,0
292.0,42.0,D,0
359.0,47.0,D,0
18.0,16.0,B,0
18.0,28.0,D,0
18.0,42.0,D,0
54.0,47.0,D,0
21.0,47.0,D,0
21.0,42.0,D,0
658.0,21.0,E,0
658.0,25.0,E,0
189.0,47.0,D,0
189.0,12.0,E,0
464.0,12.0,E,0
464.0,20.0,D,0
493.0,19.0,D,0
493.0,32.0,D,0
464.0,42.0,C,0
723.0,20.0,D,0
532.0,47.0,D,0
532.0,28.0,D,0
270.0,42.0,D,0
264.0,21.0,D,0
523.0,42.0,B,0
4.0,19.0,D,0
572.0,24.0,E,0
572.0,32.0,E,0
697.0,47.0,E,0
263.0,47.0,D,0
263.0,16.0,D,0
565.0,47.0,B,0
565.0,12.0,E,0
565.0,20.0,D,0
565.0,42.0,D,0
582.0,47.0,B,0
582.0,47.0,B,0
582.0,16.0,D,0
464.0,47.0,D,0
85.0,47.0,D,0
332.0,47.0,D,0
430.0,42.0,B,0
445.0,42.0,B,0
85.0,12.0,E,0
85.0,16.0,B,0
431.0,32.0,D,0
524.0,42.0,B,0
0.0,47.0,D,0
470.0,28.0,A,0
520.0,12.0,E,0
520.0,42.0,B,0
520.0,47.0,D,0
0.0,32.0,A,0
0.0,28.0,C,0
0.0,12.0,D,0
570.0,12.0,E,0
414.0,47.0,D,0
570.0,47.0,B,0
183.0,47.0,D,0
568.0,24.0,D,0
183.0,21.0,D,0
401.0,12.0,E,0
401.0,16.0,D,0
706.0,28.0,D,0
401.0,47.0,D,0
706.0,47.0,B,0
250.0,19.0,D,0
588.0,20.0,D,0
588.0,42.0,D,0
254.0,47.0,D,0
258.0,32.0,D,0
246.0,21.0,D,0
238.0,21.0,D,0
440.0,20.0,D,0
440.0,42.0,B,0
254.0,16.0,D,0
440.0,47.0,D,0
331.0,20.0,B,0
331.0,21.0,D,0
247.0,47.0,D,0
372.0,47.0,B,0
284.0,20.0,D,0
750.0,16.0,D,0
750.0,42.0,D,0
416.0,24.0,D,0
416.0,42.0,D,0
357.0,16.0,D,0
357.0,47.0,D,0
373.0,32.0,D,0
288.0,16.0,D,0
750.0,47.0,B,0
288.0,47.0,D,0
294.0,47.0,D,0
515.0,42.0,B,0
338.0,16.0,D,0
623.0,20.0,E,0
185.0,21.0,D,0
703.0,47.0,B,0
703.0,12.0,E,0
703.0,20.0,D,0
443.0,28.0,B,0
443.0,42.0,B,0
136.0,20.0,B,0
614.0,32.0,D,0
614.0,21.0,D,0
614.0,24.0,D,0
614.0,25.0,D,0
139.0,16.0,D,0
139.0,42.0,D,0
156.0,20.0,B,0
139.0,47.0,D,0
480.0,42.0,B,0
624.0,47.0,E,0
714.0,47.0,B,0
624.0,42.0,E,0
235.0,21.0,D,0
170.0,47.0,D,0
577.0,47.0,B,0
29.0,19.0,D,0
577.0,42.0,D,0
577.0,12.0,E,0
577.0,16.0,D,0
605.0,42.0,D,0
432.0,47.0,D,0
730.0,12.0,E,0
730.0,16.0,D,0
744.0,47.0,D,0
744.0,42.0,D,0
730.0,47.0,B,0
744.0,16.0,D,0
513.0,19.0,D,0
150.0,20.0,D,0
150.0,42.0,D,0
448.0,47.0,D,0
708.0,20.0,D,0
641.0,20.0,E,0
708.0,47.0,B,0
597.0,42.0,D,0
407.0,24.0,D,0
407.0,25.0,D,0
407.0,16.0,D,0
629.0,42.0,E,0
251.0,47.0,D,0
629.0,47.0,E,0
491.0,42.0,D,0
251.0,20.0,D,0
346.0,21.0,D,0
619.0,47.0,E,0
48.0,16.0,B,0
48.0,19.0,D,0
713.0,20.0,D,0
713.0,47.0,B,0
195.0,12.0,E,0
195.0,42.0,D,0
128.0,16.0,B,0
128.0,42.0,D,0
361.0,47.0,B,0
551.0,42.0,D,0
516.0,24.0,D,0
551.0,47.0,B,0
748.0,42.0,D,0
26.0,16.0,D,0
33.0,42.0,D,0
33.0,19.0,D,0
666.0,24.0,E,0
119.0,47.0,D,0
510.0,32.0,D,0
660.0,47.0,E,0
558.0,47.0,B,0
172.0,42.0,D,0
575.0,42.0,E,0
651.0,25.0,E,0
651.0,32.0,E,0
733.0,12.0,E,0
733.0,16.0,D,0
733.0,42.0,D,0
174.0,16.0,B,0
174.0,42.0,D,0
733.0,47.0,B,0
483.0,25.0,D,0
625.0,32.0,E,0
441.0,42.0,B,0
535.0,12.0,D,0
535.0,16.0,D,0
535.0,28.0,D,0
317.0,47.0,D,0
441.0,20.0,D,0
436.0,42.0,B,0
436.0,20.0,D,0
317.0,16.0,D,0
317.0,28.0,D,0
63.0,42.0,D,0
63.0,16.0,B,0
312.0,32.0,D,0
312.0,16.0,D,0
535.0,47.0,E,0
604.0,42.0,D,0
531.0,47.0,D,0
517.0,42.0,B,0
531.0,28.0,D,0
531.0,42.0,B,0
531.0,16.0,D,0
91.0,12.0,E,0
91.0,42.0,D,0
94.0,28.0,D,0
103.0,47.0,D,0
6.0,42.0,D,0
92.0,16.0,B,0
396.0,28.0,B,0
494.0,47.0,D,0
718.0,47.0,B,0
2.0,20.0,B,0
2.0,42.0,D,0
2.0,12.0,D,0
751.0,47.0,D,0
755.0,47.0,B,0
751.0,42.0,D,0
680.0,42.0,E,0
755.0,20.0,D,0
755.0,42.0,D,0
31.0,47.0,D,0
31.0,12.0,E,0
31.0,20.0,B,0
31.0,28.0,D,0
2.0,47.0,D,0
115.0,47.0,D,0
47.0,19.0,D,0
47.0,21.0,D,0
98.0,12.0,E,0
98.0,47.0,D,0
13.0,16.0,B,0
115.0,16.0,D,0
115.0,28.0,D,0
115.0,42.0,D,0
115.0,12.0,E,0
654.0,25.0,E,0
107.0,16.0,B,0
107.0,42.0,D,0
656.0,25.0,E,0
681.0,24.0,E,0
176.0,47.0,D,0
50.0,47.0,D,0
453.0,20.0,D,0
171.0,28.0,D,0
171.0,42.0,D,0
600.0,25.0,D,0
406.0,47.0,D,0
512.0,42.0,B,0
410.0,47.0,D,0
571.0,47.0,E,0
410.0,16.0,D,0
599.0,28.0,D,0
599.0,42.0,D,0
527.0,47.0,D,0
527.0,28.0,D,0
530.0,24.0,D,0
530.0,25.0,D,0
530.0,32.0,D,0
87.0,20.0,D,0
87.0,42.0,D,0
368.0,19.0,B,0
368.0,21.0,D,0
87.0,12.0,D,0
87.0,16.0,B,0
537.0,28.0,D,0
537.0,42.0,B,0
394.0,47.0,D,0
201.0,47.0,D,0
201.0,42.0,D,0
376.0,47.0,B,0
724.0,42.0,D,0
724.0,47.0,B,0
456.0,42.0,B,0
456.0,19.0,D,0
84.0,42.0,D,0
84.0,12.0,E,0
84.0,28.0,D,0
540.0,20.0,D,0
542.0,47.0,B,0
542.0,12.0,E,0
542.0,16.0,D,0
84.0,47.0,D,0
276.0,42.0,D,0
676.0,21.0,E,0
676.0,32.0,E,0
630.0,47.0,E,0
429.0,12.0,E,0
429.0,28.0,B,0
434.0,42.0,B,0
729.0,20.0,D,0
123.0,16.0,B,0
58.0,19.0,E,0
58.0,21.0,E,0
123.0,47.0,D,0
585.0,42.0,D,0
628.0,42.0,D,0
715.0,12.0,E,0
518.0,24.0,D,0
236.0,16.0,D,0
635.0,42.0,E,0
306.0,19.0,D,0
754.0,47.0,B,0
743.0,16.0,D,0
590.0,25.0,D,0
743.0,47.0,D,0
466.0,16.0,D,0
466.0,20.0,D,0
168.0,16.0,B,0
168.0,42.0,D,0
758.0,47.0,B,0
758.0,42.0,D,0
168.0,47.0,D,0
450.0,32.0,D,0
450.0,47.0,D,0
86.0,42.0,C,0
86.0,16.0,B,0
86.0,20.0,D,0
519.0,42.0,B,0
86.0,47.0,D,0
644.0,20.0,E,0
644.0,42.0,E,0
626.0,47.0,E,0
626.0,42.0,E,0
626.0,16.0,E,0
199.0,19.0,D,0
86.0,20.0,D,0
479.0,25.0,D,0
479.0,32.0,D,0
479.0,19.0,D,0
479.0,24.0,D,0
38.0,16.0,B,0
503.0,12.0,E,0
738.0,20.0,D,0
95.0,21.0,D,0
97.0,16.0,B,0
97.0,47.0,D,0
96.0,47.0,D,0
411.0,47.0,D,0
36.0,12.0,E,0
96.0,12.0,E,0
96.0,16.0,B,0
36.0,47.0,D,0
99.0,20.0,B,0
3.0,12.0,D,0
3.0,28.0,C,0
65.0,12.0,D,0
412.0,42.0,B,0
412.0,19.0,D,0
469.0,47.0,D,0
469.0,42.0,B,0
620.0,20.0,E,0
620.0,28.0,D,0
607.0,20.0,D,0
721.0,47.0,B,0
400.0,19.0,D,0
400.0,32.0,D,0
228.0,47.0,D,0
228.0,42.0,D,0
130.0,16.0,B,0
130.0,20.0,B,0
130.0,42.0,D,0
634.0,47.0,E,0
634.0,28.0,E,0
634.0,42.0,E,0
3.0,47.0,D,0
15.0,20.0,D,0
615.0,42.0,D,0
178.0,16.0,B,0
9.0,19.0,D,0
621.0,20.0,E,0
621.0,42.0,E,0
316.0,47.0,D,0
111.0,47.0,D,0
378.0,20.0,D,0
111.0,42.0,D,0
111.0,16.0,B,0
375.0,47.0,B,0
621.0,47.0,E,0
375.0,42.0,D,0
717.0,47.0,B,0
734.0,47.0,B,0
337.0,16.0,D,0
337.0,20.0,B,0
734.0,20.0,D,0
221.0,42.0,D,0
337.0,47.0,D,0
68.0,47.0,E,0
67.0,16.0,E,0
569.0,47.0,B,0
569.0,42.0,D,0
569.0,12.0,E,0
216.0,19.0,D,0
104.0,47.0,D,0
213.0,16.0,B,0
213.0,42.0,D,0
213.0,47.0,D,0
286.0,16.0,D,0
180.0,47.0,D,0
180.0,20.0,B,0
322.0,25.0,B,0
124.0,42.0,D,0
591.0,16.0,D,0
439.0,16.0,D,0
184.0,47.0,D,0
90.0,12.0,E,0
184.0,28.0,D,0
184.0,42.0,D,0
184.0,20.0,B,0
663.0,25.0,E,0
198.0,21.0,D,0
11.0,20.0,B,0
347.0,16.0,D,0
310.0,47.0,D,0
548.0,12.0,B,0
548.0,47.0,B,0
672.0,12.0,D,0
667.0,42.0,D,0
667.0,12.0,D,0
668.0,12.0,D,0
536.0,28.0,D,0
320.0,42.0,D,0
320.0,47.0,D,0
381.0,47.0,D,0
546.0,12.0,B,0
546.0,42.0,D,0
546.0,47.0,B,0
52.0,19.0,D,1
388.0,19.0,D,1
408.0,19.0,D,1
408.0,24.0,D,1
684.0,21.0,E,1
458.0,32.0,D,1
458.0,42.0,B,1
573.0,25.0,E,1
735.0,16.0,D,1
646.0,32.0,E,1
646.0,21.0,E,1
425.0,19.0,D,1
425.0,42.0,C,1
665.0,25.0,E,1
529.0,19.0,E,1
277.0,42.0,B,1
529.0,25.0,E,1
320.0,16.0,D,1
303.0,19.0,D,1
667.0,20.0,E,1
667.0,25.0,D,1
668.0,19.0,E,1
672.0,24.0,D,1
672.0,25.0,D,1
548.0,42.0,D,1
548.0,20.0,D,1
627.0,16.0,E,1
627.0,25.0,E,1
293.0,42.0,B,1
198.0,19.0,D,1
663.0,24.0,E,1
727.0,42.0,D,1
90.0,21.0,D,1
476.0,20.0,D,1
218.0,19.0,D,1
322.0,32.0,D,1
286.0,42.0,D,1
213.0,20.0,D,1
12.0,21.0,D,1
12.0,16.0,B,1
104.0,21.0,D,1
67.0,20.0,E,1
68.0,28.0,E,1
538.0,16.0,E,1
538.0,28.0,B,1
734.0,42.0,D,1
375.0,20.0,D,1
705.0,20.0,D,1
316.0,16.0,D,1
316.0,19.0,D,1
621.0,16.0,E,1
9.0,20.0,B,1
9.0,21.0,D,1
203.0,21.0,D,1
615.0,20.0,D,1
105.0,16.0,B,1
209.0,21.0,D,1
15.0,16.0,B,1
141.0,25.0,D,1
395.0,21.0,D,1
400.0,28.0,B,1
400.0,24.0,D,1
182.0,20.0,B,1
389.0,19.0,D,1
389.0,21.0,D,1
389.0,24.0,D,1
389.0,25.0,D,1
389.0,32.0,D,1
62.0,21.0,E,1
352.0,15.0,D,1
352.0,20.0,D,1
352.0,21.0,D,1
418.0,24.0,D,1
553.0,24.0,D,1
314.0,42.0,D,1
20.0,20.0,B,1
465.0,19.0,D,1
694.0,32.0,E,1
65.0,42.0,D,1
412.0,24.0,D,1
3.0,16.0,B,1
227.0,19.0,D,1
36.0,20.0,B,1
34.0,16.0,B,1
411.0,20.0,D,1
97.0,20.0,B,1
334.0,16.0,D,1
503.0,19.0,D,1
129.0,16.0,B,1
274.0,32.0,D,1
282.0,19.0,D,1
199.0,21.0,D,1
282.0,21.0,D,1
611.0,32.0,D,1
644.0,25.0,E,1
611.0,24.0,D,1
611.0,25.0,D,1
390.0,28.0,B,1
519.0,24.0,D,1
450.0,24.0,D,1
450.0,19.0,D,1
72.0,20.0,E,1
72.0,25.0,E,1
78.0,28.0,D,1
758.0,20.0,D,1
507.0,25.0,D,1
466.0,28.0,A,1
522.0,25.0,D,1
297.0,42.0,D,1
297.0,20.0,D,1
297.0,21.0,D,1
351.0,21.0,D,1
306.0,32.0,D,1
715.0,42.0,D,1
518.0,25.0,D,1
236.0,19.0,D,1
152.0,20.0,B,1
152.0,42.0,D,1
506.0,25.0,D,1
506.0,32.0,D,1
549.0,21.0,D,1
549.0,32.0,D,1
472.0,25.0,D,1
628.0,21.0,E,1
549.0,19.0,B,1
472.0,19.0,D,1
58.0,25.0,E,1
487.0,32.0,D,1
534.0,19.0,D,1
501.0,25.0,D,1
501.0,28.0,D,1
704.0,32.0,D,1
321.0,32.0,D,1
333.0,19.0,D,1
276.0,16.0,D,1
335.0,19.0,D,1
725.0,20.0,D,1
473.0,25.0,D,1
473.0,32.0,D,1
673.0,21.0,D,1
495.0,42.0,D,1
289.0,42.0,D,1
725.0,25.0,D,1
725.0,32.0,D,1
540.0,28.0,D,1
84.0,20.0,B,1
380.0,20.0,D,1
201.0,20.0,B,1
368.0,32.0,D,1
140.0,19.0,D,1
140.0,21.0,D,1
499.0,24.0,D,1
140.0,25.0,D,1
500.0,19.0,D,1
500.0,24.0,D,1
527.0,42.0,D,1
648.0,19.0,E,1
148.0,21.0,D,1
35.0,20.0,B,1
35.0,25.0,D,1
140.0,25.0,D,1
399.0,24.0,D,1
599.0,20.0,D,1
64.0,25.0,D,1
224.0,42.0,D,1
82.0,21.0,D,1
82.0,25.0,E,1
224.0,16.0,D,1
24.0,20.0,D,1
296.0,19.0,D,1
358.0,19.0,D,1
710.0,21.0,D,1
50.0,20.0,B,1
50.0,16.0,B,1
176.0,20.0,B,1
732.0,21.0,D,1
609.0,42.0,D,1
271.0,42.0,D,1
740.0,21.0,D,1
107.0,20.0,B,1
740.0,32.0,D,1
266.0,19.0,D,1
266.0,32.0,D,1
244.0,42.0,D,1
657.0,32.0,E,1
28.0,19.0,D,1
657.0,25.0,E,1
13.0,21.0,D,1
98.0,20.0,B,1
110.0,20.0,B,1
547.0,25.0,D,1
547.0,19.0,B,1
162.0,20.0,B,1
31.0,42.0,D,1
75.0,20.0,E,1
755.0,25.0,D,1
405.0,24.0,D,1
751.0,20.0,D,1
574.0,32.0,E,1
494.0,42.0,D,1
433.0,25.0,D,1
664.0,25.0,E,1
265.0,42.0,D,1
593.0,21.0,D,1
51.0,19.0,D,1
604.0,24.0,D,1
604.0,32.0,D,1
312.0,21.0,D,1
63.0,21.0,D,1
345.0,16.0,D,1
43.0,19.0,D,1
317.0,21.0,D,1
535.0,42.0,D,1
483.0,19.0,D,1
49.0,19.0,D,1
49.0,20.0,B,1
17.0,20.0,B,1
49.0,21.0,D,1
483.0,24.0,D,1
483.0,32.0,D,1
575.0,25.0,E,1
575.0,32.0,E,1
651.0,21.0,E,1
61.0,20.0,E,1
61.0,16.0,B,1
119.0,28.0,D,1
510.0,24.0,D,1
510.0,25.0,D,1
510.0,28.0,B,1
666.0,32.0,E,1
516.0,28.0,B,1
516.0,32.0,D,1
688.0,32.0,E,1
688.0,21.0,E,1
128.0,20.0,B,1
14.0,42.0,D,1
195.0,19.0,D,1
190.0,19.0,D,1
339.0,21.0,D,1
550.0,25.0,D,1
222.0,21.0,D,1
121.0,25.0,D,1
356.0,20.0,D,1
251.0,16.0,A,1
346.0,20.0,D,1
365.0,21.0,D,1
619.0,25.0,E,1
739.0,25.0,D,1
348.0,19.0,D,1
579.0,21.0,D,1
637.0,16.0,E,1
428.0,19.0,D,1
712.0,25.0,D,1
560.0,20.0,D,1
57.0,16.0,E,1
407.0,19.0,D,1
407.0,28.0,B,1
407.0,32.0,D,1
659.0,20.0,E,1
177.0,19.0,D,1
204.0,19.0,D,1
340.0,16.0,B,1
384.0,19.0,D,1
641.0,25.0,E,1
327.0,16.0,D,1
350.0,20.0,D,1
350.0,21.0,D,1
677.0,21.0,E,1
311.0,19.0,D,1
744.0,20.0,D,1
202.0,19.0,D,1
343.0,20.0,D,1
343.0,42.0,D,1
432.0,42.0,B,1
367.0,21.0,D,1
367.0,24.0,D,1
554.0,42.0,D,1
698.0,25.0,E,1
56.0,21.0,D,1
313.0,19.0,D,1
313.0,20.0,D,1
605.0,32.0,D,1
313.0,42.0,D,1
577.0,20.0,D,1
29.0,25.0,D,1
235.0,16.0,D,1
624.0,16.0,E,1
480.0,24.0,D,1
714.0,20.0,D,1
273.0,16.0,D,1
273.0,42.0,D,1
741.0,20.0,D,1
139.0,20.0,B,1
613.0,20.0,D,1
623.0,16.0,E,1
623.0,28.0,E,1
338.0,21.0,D,1
217.0,19.0,D,1
288.0,21.0,D,1
45.0,42.0,D,1
131.0,19.0,D,1
5.0,25.0,D,1
242.0,24.0,D,1
416.0,25.0,D,1
750.0,20.0,D,1
372.0,42.0,D,1
612.0,42.0,D,1
247.0,19.0,D,1
254.0,42.0,D,1
752.0,42.0,D,1
583.0,24.0,D,1
583.0,25.0,D,1
706.0,20.0,D,1
568.0,21.0,D,1
568.0,25.0,D,1
568.0,32.0,D,1
318.0,16.0,D,1
188.0,21.0,D,1
232.0,16.0,D,1
25.0,21.0,D,1
138.0,20.0,D,1
206.0,19.0,D,1
319.0,16.0,D,1
319.0,20.0,D,1
438.0,32.0,D,1
7.0,16.0,B,1
71.0,19.0,E,1
616.0,20.0,D,1
403.0,42.0,B,1
298.0,42.0,D,1
102.0,20.0,B,1
102.0,21.0,D,1
196.0,21.0,D,1
524.0,25.0,D,1
524.0,32.0,D,1
524.0,19.0,D,1
387.0,28.0,B,1
85.0,20.0,D,1
445.0,32.0,D,1
451.0,19.0,D,1
451.0,24.0,D,1
332.0,21.0,D,1
341.0,16.0,D,1
341.0,19.0,D,1
341.0,21.0,D,1
737.0,12.0,E,1
737.0,42.0,D,1
737.0,16.0,D,1
582.0,42.0,D,1
490.0,32.0,D,1
490.0,19.0,D,1
363.0,42.0,D,1
572.0,19.0,E,1
4.0,25.0,D,1
608.0,42.0,D,1
523.0,24.0,D,1
701.0,20.0,D,1
618.0,32.0,D,1
464.0,16.0,D,1
658.0,32.0,E,1
323.0,42.0,D,1
419.0,28.0,B,1
18.0,20.0,D,1
364.0,42.0,D,1
652.0,21.0,E,1
652.0,25.0,E,1
652.0,32.0,E,1
292.0,19.0,D,1
233.0,16.0,D,1
233.0,19.0,D,1
539.0,28.0,D,1
678.0,21.0,E,1
678.0,24.0,E,1
66.0,20.0,B,1
699.0,16.0,D,1
260.0,42.0,D,1
457.0,42.0,B,1
143.0,25.0,D,1
143.0,20.0,B,1
143.0,21.0,D,1
485.0,24.0,D,1
398.0,19.0,D,1
398.0,25.0,D,1
398.0,42.0,B,1
686.0,32.0,E,1
210.0,24.0,B,1
210.0,25.0,D,1
683.0,21.0,E,1
76.0,28.0,E,1
475.0,42.0,B,1
602.0,21.0,D,1
226.0,19.0,D,1
226.0,21.0,D,1
602.0,32.0,D,1
581.0,25.0,D,1
581.0,21.0,D,1
73.0,21.0,E,1
73.0,25.0,E,1
467.0,24.0,C,1
467.0,32.0,A,1
731.0,20.0,D,1
257.0,24.0,D,1
257.0,32.0,D,1
670.0,32.0,D,1
80.0,28.0,E,1
80.0,21.0,E,1
267.0,42.0,D,1
267.0,20.0,D,1
460.0,19.0,D,1
371.0,19.0,D,1
371.0,24.0,D,1
135.0,20.0,B,1
374.0,20.0,D,1
52.0,42.0,D,1
86.0,32.0,A,2
519.0,32.0,D,2
106.0,21.0,D,2
521.0,19.0,D,2
29.0,21.0,D,2
743.0,20.0,D,2
72.0,19.0,E,2
214.0,21.0,D,2
480.0,19.0,D,2
466.0,24.0,C,2
353.0,20.0,D,2
274.0,19.0,D,2
274.0,24.0,D,2
623.0,21.0,E,2
185.0,25.0,D,2
199.0,25.0,D,2
382.0,32.0,D,2
382.0,24.0,D,2
109.0,20.0,B,2
109.0,21.0,D,2
166.0,21.0,D,2
19.0,16.0,B,2
136.0,25.0,D,2
704.0,24.0,D,2
384.0,32.0,D,2
534.0,24.0,D,2
534.0,25.0,D,2
534.0,32.0,D,2
269.0,19.0,D,2
269.0,24.0,D,2
269.0,32.0,D,2
542.0,42.0,C,2
707.0,21.0,D,2
707.0,32.0,D,2
676.0,24.0,E,2
204.0,21.0,D,2
746.0,25.0,D,2
335.0,21.0,D,2
698.0,21.0,E,2
730.0,20.0,D,2
343.0,19.0,D,2
362.0,21.0,D,2
404.0,19.0,D,2
329.0,16.0,D,2
125.0,20.0,B,2
628.0,25.0,E,2
513.0,32.0,D,2
487.0,24.0,D,2
635.0,16.0,E,2
202.0,25.0,D,2
549.0,24.0,D,2
326.0,32.0,D,2
465.0,24.0,C,2
465.0,32.0,C,2
27.0,20.0,B,2
0.0,20.0,D,2
412.0,25.0,D,2
157.0,20.0,B,2
601.0,25.0,D,2
694.0,24.0,E,2
157.0,25.0,D,2
418.0,32.0,D,2
160.0,20.0,B,2
100.0,21.0,D,2
23.0,16.0,B,2
721.0,20.0,D,2
158.0,20.0,B,2
25.0,24.0,B,2
553.0,32.0,D,2
752.0,20.0,D,2
254.0,15.0,D,2
543.0,32.0,D,2
238.0,19.0,D,2
238.0,16.0,D,2
309.0,21.0,D,2
370.0,20.0,D,2
583.0,21.0,D,2
5.0,19.0,D,2
242.0,32.0,D,2
416.0,32.0,D,2
131.0,21.0,D,2
45.0,16.0,B,2
129.0,21.0,D,2
131.0,25.0,D,2
580.0,21.0,D,2
97.0,21.0,D,2
334.0,19.0,D,2
39.0,21.0,D,2
3.0,42.0,D,2
65.0,16.0,E,2
586.0,25.0,D,2
401.0,42.0,B,2
183.0,24.0,B,2
246.0,24.0,D,2
258.0,24.0,D,2
227.0,21.0,D,2
46.0,16.0,B,2
36.0,16.0,B,2
654.0,24.0,E,2
692.0,19.0,E,2
28.0,21.0,D,2
172.0,21.0,D,2
740.0,25.0,D,2
681.0,12.0,B,2
307.0,16.0,D,2
266.0,21.0,D,2
307.0,42.0,D,2
610.0,24.0,D,2
610.0,25.0,D,2
656.0,32.0,E,2
656.0,21.0,E,2
625.0,25.0,E,2
47.0,25.0,D,2
296.0,24.0,D,2
640.0,25.0,E,2
453.0,19.0,D,2
453.0,42.0,B,2
179.0,20.0,B,2
50.0,21.0,D,2
91.0,20.0,B,2
423.0,16.0,D,2
680.0,24.0,E,2
423.0,28.0,B,2
517.0,20.0,D,2
112.0,20.0,B,2
92.0,20.0,B,2
2.0,16.0,B,2
433.0,24.0,D,2
547.0,24.0,D,2
547.0,32.0,D,2
207.0,25.0,D,2
43.0,21.0,D,2
345.0,20.0,D,2
345.0,21.0,D,2
436.0,19.0,D,2
436.0,24.0,D,2
234.0,16.0,D,2
75.0,28.0,E,2
75.0,42.0,E,2
486.0,32.0,D,2
633.0,42.0,E,2
51.0,21.0,D,2
593.0,24.0,D,2
491.0,24.0,D,2
725.0,24.0,D,2
473.0,28.0,B,2
495.0,32.0,D,2
495.0,19.0,D,2
579.0,25.0,D,2
500.0,28.0,D,2
14.0,20.0,B,2
195.0,21.0,D,2
394.0,24.0,D,2
394.0,25.0,D,2
394.0,32.0,D,2
64.0,21.0,D,2
26.0,20.0,D,2
224.0,19.0,D,2
259.0,24.0,D,2
259.0,32.0,D,2
10.0,21.0,D,2
399.0,32.0,D,2
540.0,42.0,D,2
540.0,12.0,E,2
619.0,32.0,E,2
365.0,32.0,D,2
356.0,21.0,D,2
251.0,28.0,C,2
222.0,24.0,D,2
222.0,32.0,D,2
550.0,21.0,D,2
281.0,19.0,D,2
194.0,21.0,D,2
675.0,32.0,E,2
675.0,25.0,E,2
631.0,21.0,E,2
30.0,25.0,D,2
490.0,24.0,D,2
582.0,25.0,D,2
427.0,19.0,D,2
180.0,21.0,D,2
523.0,25.0,D,2
154.0,20.0,B,2
263.0,42.0,D,2
602.0,24.0,D,2
385.0,19.0,C,2
476.0,19.0,D,2
581.0,32.0,D,2
467.0,25.0,D,2
68.0,20.0,E,2
511.0,19.0,D,2
287.0,19.0,D,2
760.0,20.0,D,2
646.0,24.0,E,2
726.0,25.0,D,2
402.0,32.0,D,2
213.0,19.0,D,2
670.0,24.0,D,2
80.0,25.0,E,2
104.0,20.0,B,2
489.0,24.0,D,2
299.0,42.0,D,2
663.0,21.0,E,2
134.0,25.0,D,2
134.0,21.0,D,2
435.0,32.0,D,2
653.0,25.0,E,2
539.0,16.0,D,2
539.0,32.0,E,2
122.0,21.0,D,2
627.0,32.0,E,2
328.0,19.0,D,2
41.0,25.0,D,2
618.0,21.0,D,2
89.0,20.0,B,2
303.0,32.0,D,2
683.0,12.0,B,2
720.0,25.0,D,2
41.0,20.0,B,2
21.0,20.0,D,2
667.0,32.0,E,2
310.0,42.0,D,2
728.0,25.0,D,2
323.0,16.0,D,2
143.0,21.0,D,2
320.0,20.0,D,2
747.0,20.0,D,2
298.0,20.0,D,2
22.0,16.0,B,2
447.0,42.0,B,2
447.0,19.0,D,2
524.0,24.0,D,2
178.0,20.0,B,2
573.0,32.0,E,2
509.0,28.0,B,2
203.0,19.0,D,2
141.0,21.0,D,2
408.0,32.0,D,2
655.0,24.0,E,2
438.0,25.0,D,2
354.0,20.0,D,2
71.0,25.0,E,2
458.0,24.0,D,2
458.0,19.0,D,2
7.0,20.0,B,2
538.0,12.0,E,2
451.0,32.0,D,2
717.0,21.0,D,2
546.0,20.0,D,2
430.0,32.0,D,2
88.0,20.0,B,2
85.0,42.0,C,2
6.0,25.0,D,3
651.0,24.0,E,3
461.0,19.0,D,3
92.0,21.0,D,3
140.0,19.0,D,3
722.0,25.0,D,3
722.0,21.0,D,3
140.0,24.0,B,3
718.0,21.0,D,3
366.0,24.0,D,3
500.0,32.0,D,3
718.0,25.0,D,3
688.0,24.0,E,3
646.0,25.0,E,3
190.0,25.0,D,3
305.0,42.0,D,3
48.0,21.0,D,3
121.0,21.0,D,3
625.0,24.0,E,3
550.0,32.0,D,3
700.0,20.0,D,3
169.0,25.0,D,3
684.0,32.0,E,3
555.0,32.0,D,3
98.0,21.0,D,3
642.0,16.0,E,3
211.0,19.0,D,3
43.0,25.0,D,3
683.0,19.0,E,3
271.0,19.0,D,3
76.0,25.0,E,3
76.0,21.0,E,3
749.0,20.0,D,3
732.0,25.0,D,3
176.0,21.0,D,3
154.0,25.0,D,3
604.0,25.0,D,3
344.0,19.0,D,3
486.0,25.0,D,3
710.0,32.0,D,3
710.0,25.0,D,3
226.0,32.0,D,3
229.0,42.0,D,3
312.0,24.0,D,3
207.0,24.0,B,3
640.0,21.0,E,3
425.0,24.0,D,3
425.0,32.0,C,3
665.0,21.0,E,3
179.0,21.0,D,3
467.0,19.0,D,3
573.0,24.0,E,3
536.0,25.0,D,3
536.0,24.0,D,3
536.0,19.0,E,3
748.0,20.0,D,3
531.0,19.0,D,3
656.0,24.0,E,3
529.0,32.0,D,3
103.0,21.0,D,3
755.0,21.0,D,3
28.0,25.0,D,3
94.0,20.0,B,3
654.0,19.0,E,3
310.0,20.0,D,3
257.0,19.0,D,3
140.0,24.0,D,3
303.0,24.0,D,3
6.0,21.0,D,3
680.0,21.0,E,3
609.0,25.0,D,3
79.0,24.0,E,3
485.0,32.0,D,3
277.0,32.0,D,3
277.0,24.0,D,3
512.0,19.0,D,3
277.0,19.0,D,3
101.0,21.0,D,3
101.0,20.0,B,3
33.0,21.0,D,3
742.0,20.0,D,3
320.0,19.0,D,3
379.0,20.0,D,3
512.0,32.0,D,3
717.0,25.0,D,3
373.0,25.0,D,3
580.0,24.0,D,3
709.0,25.0,D,3
515.0,32.0,D,3
186.0,25.0,D,3
282.0,24.0,D,3
282.0,32.0,D,3
538.0,42.0,D,3
337.0,42.0,D,3
45.0,21.0,D,3
258.0,21.0,D,3
370.0,42.0,D,3
241.0,19.0,D,3
387.0,19.0,D,3
430.0,24.0,C,3
430.0,19.0,D,3
378.0,21.0,D,3
309.0,19.0,D,3
302.0,42.0,D,3
302.0,19.0,D,3
67.0,25.0,D,3
186.0,21.0,D,3
136.0,19.0,D,3
538.0,32.0,D,3
338.0,19.0,D,3
382.0,19.0,D,3
634.0,21.0,E,3
55.0,25.0,D,3
27.0,21.0,D,3
446.0,21.0,B,3
454.0,19.0,D,3
454.0,32.0,D,3
650.0,12.0,E,3
400.0,25.0,D,3
395.0,42.0,B,3
520.0,28.0,D,3
160.0,25.0,D,3
138.0,19.0,D,3
138.0,21.0,D,3
206.0,21.0,D,3
470.0,21.0,B,3
418.0,25.0,D,3
130.0,21.0,D,3
193.0,19.0,D,3
203.0,25.0,D,3
318.0,21.0,D,3
316.0,21.0,D,3
196.0,19.0,D,3
315.0,19.0,D,3
330.0,20.0,B,3
465.0,25.0,C,3
403.0,28.0,B,3
0.0,24.0,A,3
290.0,19.0,D,3
15.0,19.0,D,3
157.0,19.0,D,3
663.0,32.0,E,3
239.0,16.0,D,3
293.0,19.0,D,3
589.0,25.0,D,3
449.0,19.0,D,3
449.0,32.0,D,3
256.0,32.0,D,3
256.0,24.0,D,3
189.0,19.0,D,3
256.0,19.0,D,3
323.0,20.0,D,3
727.0,20.0,D,3
579.0,32.0,D,3
482.0,19.0,D,3
540.0,16.0,D,3
678.0,19.0,E,3
365.0,19.0,B,3
435.0,25.0,D,3
456.0,32.0,D,3
356.0,19.0,D,3
40.0,25.0,D,3
739.0,21.0,D,3
347.0,20.0,D,3
347.0,42.0,D,3
198.0,24.0,B,3
198.0,25.0,D,3
348.0,21.0,D,3
539.0,12.0,E,3
292.0,32.0,D,3
54.0,20.0,D,3
149.0,25.0,D,3
675.0,21.0,E,3
161.0,20.0,B,3
698.0,32.0,E,3
343.0,16.0,D,3
306.0,24.0,D,3
635.0,25.0,E,3
123.0,20.0,B,3
513.0,25.0,D,3
513.0,24.0,D,3
498.0,24.0,D,3
522.0,21.0,B,3
106.0,20.0,B,3
324.0,19.0,D,3
106.0,25.0,D,3
737.0,20.0,D,3
404.0,32.0,D,3
197.0,25.0,D,3
197.0,21.0,D,3
424.0,19.0,D,3
424.0,24.0,D,3
424.0,32.0,C,3
720.0,21.0,D,3
205.0,21.0,D,3
542.0,20.0,D,3
495.0,24.0,D,3
723.0,21.0,D,3
673.0,32.0,E,3
704.0,21.0,D,3
630.0,21.0,E,3
434.0,19.0,D,3
434.0,32.0,D,3
434.0,24.0,D,3
641.0,32.0,E,3
572.0,12.0,E,3
523.0,28.0,B,3
439.0,19.0,D,3
676.0,19.0,E,3
59.0,21.0,D,3
4.0,24.0,B,3
601.0,21.0,D,4
601.0,24.0,D,4
408.0,25.0,D,4
414.0,42.0,B,4
414.0,28.0,B,4
495.0,25.0,D,4
426.0,19.0,D,4
55.0,19.0,D,4
113.0,20.0,B,4
22.0,21.0,D,4
318.0,19.0,D,4
696.0,25.0,E,4
213.0,21.0,D,4
336.0,21.0,D,4
39.0,19.0,D,4
586.0,32.0,D,4
401.0,28.0,B,4
324.0,21.0,D,4
482.0,32.0,D,4
533.0,28.0,D,4
673.0,24.0,E,4
725.0,21.0,D,4
637.0,25.0,E,4
27.0,25.0,D,4
46.0,19.0,D,4
99.0,25.0,D,4
407.0,21.0,B,4
719.0,25.0,D,4
542.0,28.0,C,4
93.0,21.0,D,4
51.0,25.0,D,4
63.0,19.0,E,4
165.0,20.0,B,4
205.0,19.0,D,4
333.0,21.0,D,4
370.0,24.0,D,4
340.0,21.0,D,4
547.0,21.0,D,4
707.0,24.0,D,4
746.0,21.0,D,4
332.0,20.0,D,4
476.0,32.0,D,4
734.0,19.0,B,4
543.0,21.0,D,4
543.0,25.0,D,4
441.0,19.0,D,4
30.0,19.0,D,4
331.0,19.0,D,4
625.0,21.0,E,4
576.0,25.0,D,4
429.0,19.0,D,4
607.0,25.0,D,4
416.0,19.0,D,4
630.0,25.0,E,4
630.0,32.0,E,4
460.0,32.0,D,4
357.0,21.0,D,4
460.0,42.0,B,4
511.0,24.0,D,4
357.0,19.0,D,4
489.0,19.0,D,4
129.0,19.0,D,4
597.0,21.0,D,4
38.0,21.0,D,4
451.0,25.0,D,4
118.0,20.0,B,4
363.0,21.0,D,4
402.0,24.0,D,4
402.0,19.0,D,4
544.0,25.0,D,4
523.0,32.0,D,4
182.0,19.0,D,4
515.0,19.0,D,4
274.0,21.0,D,4
229.0,16.0,D,4
641.0,21.0,E,4
608.0,25.0,D,4
721.0,21.0,D,4
160.0,19.0,D,4
644.0,21.0,E,4
142.0,24.0,B,4
81.0,19.0,E,4
226.0,24.0,D,4
623.0,25.0,E,4
185.0,19.0,D,4
626.0,21.0,E,4
397.0,28.0,B,4
732.0,24.0,D,4
270.0,19.0,D,4
445.0,19.0,D,4
319.0,19.0,D,4
611.0,21.0,D,4
431.0,25.0,D,4
705.0,25.0,D,4
613.0,25.0,D,4
136.0,21.0,D,4
662.0,24.0,E,4
660.0,32.0,E,4
453.0,32.0,D,4
248.0,24.0,D,4
143.0,25.0,D,4
686.0,19.0,E,4
618.0,24.0,D,4
328.0,21.0,D,4
231.0,21.0,D,4
600.0,32.0,D,4
536.0,32.0,D,4
84.0,16.0,B,4
519.0,19.0,D,4
519.0,25.0,D,4
299.0,19.0,D,4
667.0,21.0,E,4
236.0,21.0,D,4
365.0,24.0,D,4
102.0,25.0,D,4
456.0,24.0,D,4
450.0,25.0,D,4
82.0,19.0,E,4
224.0,21.0,D,4
78.0,21.0,E,4
200.0,25.0,D,4
78.0,25.0,E,4
666.0,19.0,E,4
64.0,19.0,D,4
736.0,25.0,D,4
149.0,19.0,D,4
33.0,25.0,D,4
306.0,25.0,D,4
298.0,19.0,D,4
72.0,21.0,E,4
48.0,25.0,D,4
658.0,24.0,E,4
367.0,32.0,D,4
698.0,24.0,E,4
724.0,20.0,D,4
189.0,21.0,D,4
466.0,19.0,D,4
435.0,24.0,D,4
10.0,25.0,D,4
399.0,25.0,D,4
56.0,25.0,D,4
380.0,21.0,D,4
325.0,21.0,D,4
466.0,32.0,C,4
713.0,25.0,D,4
422.0,25.0,D,4
671.0,19.0,D,4
35.0,19.0,D,4
233.0,21.0,D,4
627.0,21.0,E,4
648.0,12.0,E,4
148.0,25.0,D,4
239.0,21.0,D,4
239.0,19.0,D,4
329.0,19.0,D,4
462.0,24.0,D,4
293.0,32.0,D,4
14.0,21.0,D,4
11.0,16.0,B,4
361.0,42.0,D,4
361.0,20.0,D,4
235.0,32.0,D,4
722.0,32.0,D,4
499.0,25.0,D,4
499.0,28.0,B,4
712.0,21.0,D,4
444.0,19.0,D,4
718.0,32.0,D,4
423.0,20.0,D,4
67.0,21.0,D,4
132.0,21.0,D,4
216.0,21.0,D,5
216.0,24.0,B,5
477.0,19.0,D,5
169.0,20.0,B,5
14.0,19.0,D,5
359.0,21.0,D,5
590.0,21.0,D,5
235.0,24.0,D,5
148.0,19.0,D,5
209.0,19.0,D,5
329.0,21.0,D,5
190.0,21.0,D,5
653.0,24.0,E,5
500.0,25.0,D,5
122.0,25.0,D,5
516.0,21.0,B,5
615.0,25.0,D,5
325.0,19.0,D,5
56.0,19.0,D,5
747.0,25.0,D,5
349.0,21.0,D,5
480.0,32.0,D,5
214.0,19.0,D,5
571.0,21.0,E,5
151.0,21.0,D,5
343.0,21.0,D,5
550.0,24.0,D,5
298.0,24.0,D,5
212.0,19.0,D,5
212.0,21.0,D,5
275.0,32.0,D,5
493.0,21.0,B,5
90.0,19.0,D,5
245.0,24.0,D,5
406.0,28.0,B,5
619.0,21.0,E,5
24.0,19.0,D,5
24.0,21.0,D,5
677.0,19.0,E,5
231.0,16.0,D,5
231.0,19.0,D,5
600.0,21.0,D,5
600.0,24.0,D,5
759.0,21.0,D,5
759.0,25.0,D,5
152.0,21.0,D,5
9.0,25.0,D,5
141.0,19.0,D,5
130.0,19.0,D,5
143.0,19.0,D,5
640.0,32.0,E,5
484.0,21.0,B,5
585.0,25.0,D,5
272.0,19.0,D,5
248.0,21.0,D,5
248.0,32.0,D,5
315.0,21.0,D,5
153.0,21.0,D,5
219.0,19.0,D,5
264.0,25.0,B,5
73.0,19.0,E,5
581.0,24.0,D,5
665.0,24.0,E,5
626.0,25.0,E,5
665.0,32.0,E,5
107.0,21.0,D,5
378.0,32.0,D,5
327.0,21.0,D,5
16.0,21.0,D,5
608.0,24.0,D,5
487.0,25.0,D,5
631.0,32.0,E,5
692.0,12.0,B,5
382.0,25.0,D,5
567.0,25.0,D,5
501.0,21.0,D,5
375.0,21.0,D,5
23.0,19.0,D,5
23.0,21.0,D,5
363.0,20.0,D,5
731.0,25.0,D,5
120.0,25.0,D,5
13.0,19.0,D,5
702.0,20.0,D,5
702.0,21.0,D,5
697.0,25.0,E,5
489.0,25.0,D,5
288.0,32.0,D,5
287.0,32.0,D,5
129.0,25.0,D,5
208.0,21.0,D,5
575.0,24.0,E,5
288.0,19.0,D,5
62.0,25.0,D,5
372.0,19.0,B,5
738.0,25.0,D,5
95.0,25.0,D,5
738.0,21.0,D,5
208.0,19.0,D,5
617.0,21.0,D,5
612.0,25.0,D,5
247.0,24.0,D,5
247.0,21.0,D,5
138.0,25.0,D,5
30.0,21.0,D,5
317.0,19.0,D,5
440.0,19.0,D,5
238.0,32.0,D,5
461.0,32.0,D,5
165.0,21.0,D,5
204.0,24.0,B,5
746.0,32.0,D,5
20.0,21.0,D,5
63.0,25.0,D,5
604.0,21.0,D,5
234.0,19.0,D,5
27.0,19.0,D,5
36.0,21.0,D,5
36.0,25.0,D,5
757.0,25.0,D,5
99.0,21.0,D,5
250.0,21.0,D,5
187.0,19.0,D,5
326.0,24.0,D,5
586.0,21.0,D,5
586.0,24.0,D,5
696.0,32.0,E,5
91.0,21.0,D,5
12.0,19.0,D,5
6.0,19.0,D,5
183.0,16.0,B,5
695.0,24.0,E,5
695.0,25.0,E,5
181.0,19.0,D,5
181.0,21.0,D,5
426.0,32.0,C,5
330.0,21.0,D,5
444.0,32.0,D,5
188.0,25.0,D,5
574.0,24.0,E,5
564.0,25.0,D,5
570.0,25.0,D,5
0.0,42.0,D,5
319.0,21.0,D,6
0.0,16.0,B,6
285.0,32.0,D,6
684.0,19.0,E,6
372.0,24.0,D,6
718.0,24.0,D,6
344.0,21.0,D,6
428.0,24.0,D,6
428.0,32.0,D,6
285.0,21.0,D,6
181.0,25.0,D,6
216.0,25.0,D,6
285.0,19.0,D,6
127.0,21.0,D,6
176.0,25.0,D,6
457.0,24.0,D,6
660.0,25.0,E,6
398.0,21.0,B,6
164.0,25.0,D,6
457.0,19.0,D,6
626.0,32.0,E,6
457.0,32.0,D,6
426.0,24.0,C,6
186.0,24.0,B,6
301.0,19.0,D,6
57.0,25.0,D,6
103.0,25.0,D,6
94.0,21.0,D,6
579.0,24.0,D,6
427.0,24.0,D,6
386.0,32.0,D,6
623.0,32.0,E,6
610.0,32.0,D,6
199.0,24.0,B,6
386.0,19.0,D,6
582.0,32.0,D,6
310.0,16.0,D,6
273.0,19.0,D,6
479.0,28.0,B,6
55.0,21.0,D,6
205.0,25.0,D,6
657.0,19.0,E,6
515.0,24.0,D,6
307.0,19.0,D,6
266.0,24.0,D,6
144.0,21.0,D,6
634.0,25.0,E,6
7.0,21.0,D,6
114.0,21.0,D,6
544.0,32.0,D,6
66.0,25.0,D,6
685.0,32.0,E,6
463.0,19.0,D,6
134.0,19.0,D,6
218.0,25.0,D,6
476.0,24.0,D,6
714.0,25.0,D,6
638.0,25.0,E,6
575.0,21.0,E,6
418.0,19.0,D,6
62.0,19.0,D,6
717.0,32.0,D,6
735.0,25.0,D,6
454.0,24.0,D,6
38.0,25.0,D,6
653.0,32.0,E,6
377.0,20.0,D,6
491.0,19.0,D,6
649.0,19.0,E,6
596.0,25.0,D,6
20.0,19.0,D,6
162.0,21.0,D,6
98.0,25.0,D,6
430.0,25.0,D,6
608.0,21.0,D,6
437.0,32.0,D,6
646.0,19.0,E,6
352.0,19.0,D,6
503.0,24.0,D,6
503.0,32.0,D,6
293.0,24.0,D,6
440.0,32.0,D,6
447.0,24.0,D,6
447.0,25.0,D,6
81.0,25.0,E,6
387.0,32.0,D,6
439.0,24.0,D,6
270.0,32.0,D,6
125.0,21.0,D,6
81.0,21.0,E,6
498.0,19.0,D,6
161.0,21.0,D,6
316.0,32.0,D,6
239.0,24.0,D,6
350.0,19.0,D,6
622.0,21.0,E,6
300.0,42.0,D,6
339.0,19.0,D,6
415.0,28.0,B,6
506.0,21.0,B,6
196.0,25.0,D,6
441.0,32.0,D,6
56.0,24.0,D,6
628.0,32.0,E,6
728.0,21.0,D,6
728.0,32.0,D,6
202.0,24.0,B,6
245.0,21.0,D,6
245.0,19.0,D,6
580.0,32.0,D,6
715.0,25.0,D,6
482.0,24.0,D,6
154.0,21.0,D,6
117.0,21.0,D,6
304.0,42.0,D,6
137.0,21.0,D,6
664.0,19.0,E,7
601.0,32.0,D,7
304.0,19.0,D,7
477.0,24.0,D,7
564.0,32.0,D,7
104.0,25.0,D,7
576.0,24.0,D,7
281.0,32.0,C,7
178.0,19.0,D,7
275.0,19.0,D,7
236.0,24.0,D,7
449.0,24.0,D,7
511.0,32.0,D,7
49.0,25.0,D,7
498.0,32.0,D,7
587.0,24.0,D,7
635.0,21.0,E,7
298.0,21.0,D,7
309.0,32.0,D,7
314.0,19.0,D,7
622.0,25.0,E,7
617.0,25.0,D,7
605.0,25.0,D,7
605.0,24.0,D,7
727.0,25.0,D,7
311.0,21.0,D,7
616.0,25.0,D,7
419.0,32.0,D,7
300.0,19.0,D,7
334.0,21.0,D,7
705.0,32.0,D,7
524.0,28.0,B,7
761.0,25.0,D,7
448.0,19.0,D,7
88.0,21.0,D,7
461.0,24.0,D,7
562.0,25.0,D,7
373.0,19.0,B,7
589.0,21.0,D,7
238.0,24.0,D,7
445.0,24.0,D,7
16.0,19.0,D,7
45.0,25.0,D,7
288.0,24.0,D,7
11.0,19.0,D,7
607.0,32.0,D,7
15.0,21.0,D,7
364.0,20.0,D,7
170.0,25.0,D,7
362.0,24.0,D,7
709.0,21.0,D,7
437.0,19.0,D,7
173.0,21.0,D,7
627.0,24.0,E,7
653.0,21.0,E,7
233.0,24.0,D,7
514.0,28.0,B,7
384.0,24.0,D,7
719.0,21.0,D,7
685.0,25.0,E,7
480.0,25.0,D,7
10.0,19.0,D,7
80.0,19.0,E,7
591.0,21.0,D,7
591.0,25.0,D,7
28.0,24.0,B,7
120.0,21.0,D,7
263.0,19.0,D,7
538.0,24.0,D,7
597.0,25.0,D,7
135.0,21.0,D,7
46.0,21.0,D,7
442.0,19.0,D,7
355.0,19.0,D,7
69.0,25.0,E,7
250.0,24.0,D,7
538.0,19.0,E,7
757.0,21.0,D,7
326.0,25.0,B,7
740.0,24.0,D,7
721.0,25.0,D,7
163.0,21.0,D,7
427.0,32.0,D,7
127.0,19.0,D,7
594.0,21.0,D,7
296.0,32.0,D,7
124.0,21.0,D,7
693.0,25.0,E,7
696.0,24.0,E,7
156.0,21.0,D,7
19.0,19.0,D,7
171.0,25.0,D,7
171.0,20.0,B,7
19.0,21.0,D,7
529.0,24.0,E,7
302.0,32.0,D,7
176.0,19.0,D,7
271.0,32.0,D,7
609.0,32.0,D,7
732.0,32.0,D,7
143.0,19.0,D,7
67.0,19.0,D,7
187.0,21.0,D,7
50.0,19.0,D,7
443.0,19.0,D,7
206.0,25.0,D,7
695.0,21.0,E,7
157.0,25.0,D,7
157.0,19.0,D,7
444.0,24.0,D,7
112.0,21.0,D,7
388.0,32.0,D,7
316.0,24.0,D,8
152.0,25.0,D,8
247.0,32.0,D,8
566.0,25.0,D,8
434.0,25.0,D,8
552.0,25.0,D,8
729.0,25.0,D,8
51.0,24.0,B,8
608.0,32.0,D,8
158.0,21.0,D,8
387.0,24.0,D,8
532.0,19.0,E,8
761.0,21.0,D,8
720.0,24.0,D,8
116.0,21.0,D,8
419.0,24.0,D,8
615.0,21.0,D,8
97.0,25.0,D,8
738.0,24.0,D,8
209.0,25.0,D,8
521.0,24.0,D,8
95.0,19.0,D,8
373.0,21.0,D,8
14.0,25.0,D,8
195.0,25.0,D,8
462.0,32.0,D,8
616.0,32.0,D,8
715.0,21.0,D,8
483.0,21.0,B,8
518.0,21.0,B,8
17.0,19.0,D,8
576.0,21.0,D,8
59.0,25.0,D,8
603.0,25.0,D,8
629.0,25.0,E,8
103.0,19.0,D,8
405.0,21.0,B,8
286.0,19.0,D,8
304.0,32.0,D,8
211.0,25.0,D,8
211.0,21.0,D,8
396.0,32.0,D,8
65.0,25.0,D,8
426.0,25.0,C,8
213.0,25.0,D,8
158.0,25.0,D,8
685.0,21.0,E,8
218.0,21.0,D,8
218.0,24.0,B,8
429.0,24.0,D,8
429.0,32.0,D,8
158.0,19.0,D,8
709.0,32.0,D,8
234.0,21.0,D,8
355.0,21.0,D,8
565.0,25.0,D,8
194.0,25.0,D,8
227.0,24.0,D,8
706.0,25.0,D,8
332.0,19.0,D,8
221.0,19.0,D,8
696.0,21.0,E,8
391.0,19.0,D,8
66.0,19.0,D,8
86.0,21.0,D,8
631.0,25.0,E,8
172.0,25.0,D,8
592.0,25.0,D,8
294.0,32.0,D,8
533.0,24.0,D,8
453.0,24.0,D,8
157.0,21.0,D,8
303.0,21.0,D,8
277.0,21.0,D,8
749.0,25.0,D,8
660.0,21.0,E,8
379.0,21.0,D,8
642.0,25.0,E,8
512.0,24.0,D,8
320.0,21.0,D,8
694.0,12.0,E,8
13.0,25.0,D,8
544.0,21.0,D,8
475.0,24.0,D,8
475.0,19.0,D,8
610.0,21.0,D,8
170.0,20.0,B,8
217.0,21.0,D,8
652.0,24.0,E,8
443.0,24.0,D,8
287.0,24.0,D,8
80.0,24.0,E,8
87.0,21.0,D,8
179.0,19.0,D,8
594.0,25.0,D,8
154.0,19.0,D,8
257.0,21.0,D,8
359.0,19.0,D,8
531.0,32.0,E,9
706.0,21.0,D,9
61.0,25.0,D,9
205.0,24.0,B,9
386.0,24.0,D,9
296.0,21.0,D,9
525.0,19.0,D,9
525.0,32.0,D,9
517.0,19.0,D,9
593.0,19.0,B,9
265.0,19.0,D,9
305.0,32.0,D,9
228.0,21.0,D,9
22.0,19.0,D,9
153.0,25.0,D,9
76.0,24.0,E,9
132.0,25.0,D,9
438.0,21.0,B,9
305.0,19.0,D,9
52.0,25.0,D,9
166.0,25.0,D,9
169.0,21.0,D,9
57.0,21.0,D,9
514.0,32.0,D,9
93.0,25.0,D,9
39.0,24.0,B,9
531.0,24.0,D,9
164.0,19.0,D,9
409.0,32.0,D,9
91.0,25.0,D,9
477.0,32.0,D,9
714.0,21.0,D,9
214.0,25.0,D,9
410.0,19.0,D,9
411.0,19.0,D,9
736.0,21.0,D,9
677.0,12.0,B,9
468.0,24.0,C,9
436.0,32.0,D,9
532.0,32.0,E,9
58.0,24.0,E,9
739.0,32.0,D,9
540.0,24.0,D,9
294.0,42.0,D,9
151.0,19.0,D,9
587.0,21.0,D,9
40.0,19.0,D,9
404.0,24.0,D,9
527.0,19.0,D,9
313.0,21.0,D,9
419.0,25.0,D,9
624.0,32.0,E,9
521.0,32.0,D,9
394.0,21.0,B,9
460.0,24.0,D,9
760.0,25.0,D,9
38.0,19.0,D,9
376.0,21.0,D,9
21.0,21.0,D,9
410.0,32.0,D,9
197.0,24.0,B,9
738.0,32.0,D,9
515.0,25.0,D,9
641.0,24.0,E,9
321.0,25.0,B,9
299.0,24.0,D,9
217.0,25.0,D,9
672.0,19.0,E,9
23.0,25.0,D,9
705.0,21.0,D,9
540.0,32.0,D,9
402.0,25.0,D,9
756.0,25.0,D,9
269.0,21.0,D,9
491.0,25.0,D,9
345.0,19.0,D,9
635.0,32.0,E,10
41.0,21.0,D,10
180.0,19.0,D,10
167.0,21.0,D,10
409.0,28.0,B,10
603.0,32.0,D,10
449.0,25.0,D,10
728.0,24.0,D,10
256.0,21.0,D,10
419.0,19.0,D,10
78.0,19.0,E,10
230.0,16.0,D,10
128.0,21.0,D,10
361.0,21.0,D,10
741.0,32.0,D,10
660.0,24.0,E,10
61.0,21.0,D,10
89.0,19.0,D,10
61.0,19.0,D,10
491.0,32.0,D,10
544.0,19.0,B,10
424.0,25.0,C,10
616.0,21.0,D,10
720.0,32.0,D,10
743.0,25.0,D,10
270.0,24.0,D,10
576.0,32.0,D,10
620.0,25.0,E,10
752.0,25.0,D,10
565.0,32.0,D,10
90.0,25.0,D,10
268.0,19.0,D,10
754.0,25.0,D,10
348.0,32.0,D,10
739.0,24.0,D,10
754.0,21.0,D,10
236.0,32.0,D,10
701.0,25.0,D,10
532.0,24.0,E,10
540.0,19.0,D,10
232.0,24.0,D,10
517.0,28.0,B,10
741.0,25.0,D,10
18.0,21.0,D,10
629.0,32.0,E,10
629.0,21.0,E,10
125.0,25.0,D,10
401.0,32.0,D,10
659.0,32.0,E,10
448.0,32.0,D,10
564.0,21.0,D,10
188.0,24.0,B,10
729.0,21.0,D,10
708.0,25.0,D,10
638.0,21.0,E,10
388.0,24.0,D,10
729.0,32.0,D,10
366.0,21.0,D,10
571.0,25.0,E,10
92.0,25.0,D,10
40.0,21.0,D,10
410.0,28.0,B,10
396.0,19.0,D,10
699.0,20.0,D,10
75.0,25.0,E,10
119.0,25.0,D,10
293.0,21.0,D,10
713.0,21.0,D,10
400.0,42.0,B,10
560.0,25.0,D,10
69.0,19.0,E,10
69.0,21.0,E,10
99.0,19.0,D,10
118.0,21.0,D,11
396.0,24.0,D,11
201.0,19.0,D,11
71.0,24.0,E,11
230.0,19.0,D,11
745.0,25.0,D,11
622.0,32.0,E,11
423.0,42.0,C,11
724.0,25.0,D,11
121.0,19.0,D,11
200.0,24.0,B,11
353.0,21.0,D,11
127.0,25.0,D,11
527.0,32.0,E,11
163.0,25.0,D,11
18.0,19.0,D,11
100.0,25.0,D,11
182.0,21.0,D,11
228.0,19.0,D,11
567.0,21.0,D,11
185.0,24.0,B,11
224.0,24.0,D,11
700.0,21.0,D,11
349.0,19.0,D,11
210.0,16.0,B,11
613.0,32.0,D,11
561.0,25.0,D,11
346.0,25.0,D,11
299.0,32.0,D,11
292.0,24.0,D,11
422.0,32.0,D,11
119.0,21.0,D,11
124.0,25.0,D,11
746.0,24.0,D,11
101.0,25.0,D,11
298.0,32.0,D,11
427.0,25.0,D,11
587.0,25.0,D,11
370.0,19.0,B,11
442.0,32.0,D,11
442.0,24.0,D,11
447.0,32.0,D,11
759.0,32.0,D,11
473.0,21.0,B,11
482.0,25.0,D,11
102.0,19.0,D,11
207.0,32.0,B,11
715.0,32.0,D,11
543.0,24.0,D,11
174.0,21.0,D,11
348.0,25.0,D,11
66.0,21.0,D,11
476.0,25.0,D,11
733.0,25.0,D,11
114.0,25.0,D,11
29.0,24.0,B,11
717.0,24.0,D,11
384.0,25.0,D,11
208.0,25.0,D,11
616.0,24.0,D,11
65.0,21.0,D,11
703.0,21.0,D,11
130.0,25.0,D,11
17.0,21.0,D,11
30.0,24.0,B,11
488.0,24.0,D,11
615.0,32.0,D,11
511.0,25.0,D,11
397.0,19.0,D,12
3.0,20.0,B,12
151.0,25.0,D,12
533.0,19.0,E,12
488.0,19.0,D,12
383.0,19.0,D,12
623.0,24.0,E,12
422.0,24.0,D,12
693.0,32.0,E,12
374.0,21.0,D,12
113.0,25.0,D,12
678.0,12.0,B,12
113.0,21.0,D,12
68.0,16.0,E,12
93.0,19.0,D,12
443.0,32.0,D,12
512.0,25.0,D,12
307.0,21.0,D,12
702.0,25.0,D,12
681.0,19.0,E,12
107.0,25.0,D,12
615.0,24.0,D,12
466.0,25.0,C,12
507.0,21.0,B,12
314.0,21.0,D,12
281.0,24.0,C,12
622.0,24.0,E,12
590.0,32.0,D,12
603.0,24.0,D,12
170.0,21.0,D,12
607.0,21.0,D,12
425.0,25.0,D,12
273.0,24.0,D,12
726.0,21.0,D,12
7.0,19.0,D,12
227.0,32.0,D,12
453.0,25.0,D,12
667.0,24.0,D,12
628.0,24.0,E,12
203.0,24.0,B,12
712.0,32.0,D,12
713.0,32.0,D,12
251.0,42.0,C,12
294.0,19.0,D,12
41.0,19.0,D,12
239.0,32.0,D,12
409.0,19.0,D,12
637.0,21.0,E,12
761.0,32.0,D,13
458.0,25.0,D,13
366.0,32.0,D,13
488.0,32.0,D,13
539.0,24.0,D,13
539.0,19.0,D,13
445.0,25.0,D,13
539.0,25.0,D,13
156.0,19.0,D,13
212.0,24.0,D,13
212.0,25.0,D,13
241.0,21.0,D,13
585.0,32.0,D,13
150.0,19.0,D,13
194.0,24.0,B,13
619.0,24.0,E,13
609.0,21.0,D,13
55.0,24.0,B,13
589.0,24.0,D,13
589.0,32.0,D,13
87.0,25.0,D,13
406.0,24.0,D,13
243.0,25.0,B,13
468.0,32.0,C,13
475.0,32.0,D,13
49.0,24.0,B,13
440.0,24.0,D,13
299.0,21.0,D,13
7.0,25.0,D,13
537.0,19.0,D,13
301.0,32.0,D,13
46.0,25.0,D,13
289.0,19.0,D,13
472.0,21.0,B,13
428.0,25.0,D,13
758.0,25.0,D,13
437.0,24.0,D,13
490.0,28.0,B,13
635.0,24.0,E,13
144.0,25.0,D,13
633.0,21.0,E,13
727.0,21.0,D,13
89.0,21.0,D,13
558.0,25.0,D,13
640.0,24.0,E,13
178.0,21.0,D,13
287.0,21.0,D,13
624.0,21.0,E,13
592.0,21.0,D,13
410.0,24.0,D,13
109.0,25.0,D,13
571.0,32.0,E,13
659.0,21.0,E,13
111.0,21.0,D,13
337.0,21.0,D,13
753.0,25.0,D,13
596.0,21.0,D,13
613.0,21.0,D,14
551.0,25.0,D,14
708.0,21.0,D,14
391.0,24.0,D,14
760.0,21.0,D,14
275.0,24.0,D,14
409.0,24.0,D,14
201.0,21.0,D,14
634.0,32.0,E,14
633.0,25.0,E,14
514.0,19.0,D,14
490.0,25.0,D,14
758.0,32.0,D,14
758.0,21.0,D,14
463.0,32.0,D,14
213.0,24.0,B,14
86.0,19.0,D,14
217.0,24.0,B,14
132.0,19.0,D,14
582.0,21.0,D,14
153.0,19.0,D,14
605.0,21.0,D,14
59.0,24.0,B,14
585.0,21.0,D,14
193.0,21.0,D,14
302.0,24.0,D,14
537.0,25.0,D,14
598.0,25.0,D,14
97.0,19.0,D,14
354.0,21.0,D,14
725.0,19.0,B,14
401.0,19.0,D,14
688.0,19.0,E,14
499.0,21.0,D,14
276.0,19.0,D,14
597.0,32.0,D,14
750.0,25.0,D,14
346.0,19.0,D,14
631.0,24.0,E,14
137.0,19.0,D,14
703.0,25.0,D,14
756.0,21.0,D,14
477.0,25.0,D,14
305.0,24.0,D,14
598.0,21.0,D,14
383.0,32.0,D,14
590.0,24.0,D,14
276.0,32.0,D,15
638.0,32.0,E,15
751.0,25.0,D,15
414.0,32.0,D,15
597.0,24.0,D,15
694.0,19.0,E,15
290.0,21.0,D,15
157.0,24.0,B,15
439.0,32.0,D,15
221.0,21.0,D,15
224.0,32.0,D,15
666.0,12.0,E,15
347.0,19.0,D,15
91.0,19.0,D,15
533.0,32.0,E,15
545.0,25.0,C,15
742.0,25.0,D,15
607.0,24.0,D,15
697.0,21.0,E,15
495.0,28.0,B,15
150.0,21.0,D,15
588.0,25.0,D,15
411.0,28.0,B,15
98.0,19.0,D,15
209.0,24.0,B,15
187.0,25.0,D,15
525.0,24.0,D,15
36.0,19.0,D,15
86.0,25.0,C,15
143.0,24.0,B,15
486.0,21.0,B,15
726.0,24.0,D,15
609.0,24.0,D,15
354.0,19.0,D,15
110.0,25.0,D,15
189.0,25.0,D,15
637.0,32.0,E,15
180.0,25.0,D,15
736.0,24.0,D,15
351.0,19.0,D,15
50.0,25.0,D,15
587.0,32.0,D,15
441.0,24.0,D,15
232.0,32.0,D,15
92.0,19.0,D,15
284.0,19.0,D,15
270.0,21.0,D,15
15.0,25.0,D,16
377.0,21.0,D,16
494.0,19.0,D,16
700.0,25.0,D,16
745.0,32.0,D,16
122.0,19.0,D,16
743.0,21.0,D,16
531.0,25.0,D,16
150.0,25.0,D,16
356.0,24.0,D,16
456.0,25.0,D,16
567.0,32.0,D,16
34.0,25.0,D,16
594.0,24.0,D,16
406.0,32.0,D,16
701.0,21.0,D,16
82.0,24.0,E,16
380.0,24.0,D,16
525.0,25.0,D,16
655.0,19.0,E,16
57.0,19.0,D,16
230.0,21.0,D,16
723.0,25.0,D,16
735.0,21.0,D,16
385.0,21.0,B,16
736.0,32.0,D,16
719.0,32.0,D,16
358.0,25.0,B,16
358.0,32.0,D,16
12.0,25.0,D,16
234.0,24.0,D,16
9.0,24.0,B,16
112.0,25.0,D,16
390.0,32.0,D,16
22.0,25.0,D,16
94.0,25.0,D,16
734.0,25.0,D,16
680.0,19.0,E,16
172.0,19.0,D,16
330.0,19.0,D,16
309.0,24.0,D,16
583.0,19.0,B,16
272.0,32.0,D,16
624.0,25.0,E,16
167.0,25.0,D,17
399.0,42.0,B,17
599.0,24.0,D,17
527.0,24.0,D,17
94.0,19.0,D,17
552.0,21.0,D,17
719.0,24.0,D,17
125.0,19.0,D,17
642.0,21.0,E,17
362.0,32.0,D,17
596.0,24.0,D,17
612.0,32.0,D,17
706.0,32.0,D,17
612.0,21.0,D,17
517.0,24.0,D,17
245.0,32.0,D,17
659.0,25.0,E,17
273.0,32.0,D,17
436.0,25.0,D,17
161.0,25.0,D,17
123.0,21.0,D,17
747.0,21.0,D,17
537.0,32.0,D,17
663.0,19.0,E,17
561.0,21.0,D,17
362.0,25.0,D,17
300.0,32.0,D,17
325.0,24.0,D,17
268.0,32.0,D,17
483.0,28.0,B,17
211.0,24.0,D,17
599.0,25.0,D,17
259.0,25.0,B,18
265.0,24.0,D,18
494.0,32.0,D,18
272.0,24.0,D,18
21.0,25.0,D,18
468.0,19.0,D,18
593.0,47.0,B,18
397.0,32.0,D,18
514.0,24.0,D,18
403.0,24.0,D,18
475.0,25.0,D,18
47.0,24.0,B,18
594.0,32.0,D,18
11.0,21.0,D,18
346.0,24.0,D,18
403.0,19.0,D,18
300.0,24.0,D,18
714.0,32.0,D,18
174.0,19.0,D,18
633.0,32.0,E,18
748.0,25.0,D,18
757.0,32.0,D,18
340.0,32.0,D,18
347.0,21.0,D,18
292.0,21.0,D,18
440.0,25.0,D,18
408.0,21.0,B,18
535.0,32.0,D,18
52.0,24.0,B,18
65.0,19.0,D,18
494.0,24.0,D,19
304.0,21.0,D,19
319.0,24.0,D,19
726.0,32.0,D,19
582.0,25.0,D,19
620.0,21.0,E,19
545.0,32.0,D,19
231.0,24.0,D,19
167.0,20.0,B,19
21.0,19.0,D,19
517.0,32.0,D,19
142.0,32.0,B,19
75.0,21.0,E,19
173.0,25.0,D,19
755.0,32.0,D,19
725.0,25.0,D,19
697.0,24.0,E,19
642.0,32.0,E,19
190.0,24.0,B,19
182.0,25.0,D,19
626.0,24.0,E,19
404.0,25.0,D,19
88.0,19.0,D,19
244.0,19.0,D,19
348.0,24.0,D,19
246.0,25.0,B,19
62.0,24.0,B,19
630.0,24.0,E,19
521.0,25.0,D,20
591.0,32.0,D,20
352.0,25.0,B,20
638.0,24.0,E,20
5.0,24.0,B,20
231.0,32.0,D,20
612.0,24.0,D,20
715.0,24.0,D,20
79.0,32.0,E,20
568.0,19.0,B,20
432.0,19.0,D,20
710.0,24.0,D,20
175.0,21.0,D,20
723.0,32.0,D,20
285.0,24.0,D,20
20.0,25.0,D,20
16.0,25.0,D,20
315.0,24.0,D,20
86.0,24.0,A,20
363.0,24.0,D,20
68.0,25.0,E,20
734.0,21.0,D,20
684.0,12.0,B,21
637.0,24.0,E,21
276.0,24.0,D,21
745.0,21.0,D,21
281.0,21.0,D,21
301.0,24.0,D,21
553.0,19.0,B,21
85.0,32.0,A,21
45.0,24.0,B,21
378.0,24.0,D,21
364.0,21.0,D,21
448.0,24.0,D,21
117.0,19.0,D,21
613.0,24.0,D,21
713.0,24.0,D,21
414.0,24.0,D,21
712.0,24.0,D,21
33.0,24.0,B,21
271.0,24.0,D,21
670.0,19.0,E,21
651.0,19.0,E,21
401.0,24.0,D,21
152.0,19.0,D,21
573.0,19.0,E,21
26.0,25.0,D,22
104.0,19.0,D,22
179.0,25.0,D,22
742.0,21.0,D,22
114.0,19.0,D,22
513.0,28.0,B,22
654.0,12.0,E,22
406.0,19.0,D,22
48.0,24.0,B,22
752.0,21.0,D,22
439.0,25.0,D,22
24.0,25.0,D,22
11.0,25.0,D,22
250.0,32.0,D,22
603.0,21.0,D,22
611.0,19.0,B,22
189.0,24.0,B,22
329.0,24.0,D,22
700.0,32.0,D,22
730.0,25.0,D,22
564.0,24.0,D,22
124.0,19.0,D,22
196.0,24.0,B,22
662.0,19.0,E,22
119.0,19.0,D,22
485.0,28.0,B,22
100.0,19.0,D,22
135.0,25.0,D,22
171.0,21.0,D,22
313.0,24.0,D,22
592.0,24.0,D,22
118.0,25.0,D,22
657.0,12.0,E,22
591.0,24.0,D,23
297.0,24.0,D,23
275.0,21.0,D,23
571.0,24.0,E,23
598.0,32.0,D,23
727.0,32.0,D,23
23.0,24.0,B,23
510.0,21.0,B,23
617.0,32.0,D,23
535.0,19.0,D,23
709.0,24.0,D,23
327.0,24.0,D,23
407.0,42.0,B,23
68.0,21.0,E,23
574.0,12.0,B,23
460.0,25.0,D,23
753.0,32.0,D,23
371.0,25.0,D,23
748.0,21.0,D,23
54.0,21.0,D,23
38.0,24.0,B,23
680.0,12.0,E,23
181.0,16.0,B,23
569.0,25.0,D,23
749.0,21.0,D,23
233.0,32.0,D,23
18.0,25.0,D,23
585.0,24.0,D,23
754.0,32.0,D,23
103.0,32.0,B,24
344.0,24.0,D,24
294.0,24.0,D,24
377.0,32.0,D,24
517.0,25.0,D,24
711.0,25.0,D,24
337.0,19.0,D,24
629.0,24.0,E,24
555.0,19.0,B,24
390.0,19.0,D,24
747.0,32.0,D,24
290.0,24.0,D,24
6.0,24.0,B,24
390.0,24.0,D,24
600.0,19.0,B,24
135.0,19.0,D,24
592.0,32.0,D,24
760.0,32.0,D,24
156.0,25.0,D,24
469.0,19.0,D,24
444.0,25.0,D,24
219.0,21.0,D,24
704.0,19.0,B,25
729.0,24.0,D,25
263.0,24.0,D,25
389.0,42.0,B,25
34.0,19.0,D,25
397.0,24.0,D,25
617.0,24.0,D,25
302.0,21.0,D,25
40.0,24.0,B,25
662.0,12.0,E,25
565.0,21.0,D,25
644.0,24.0,E,25
512.0,28.0,B,25
86.0,21.0,D,25
117.0,25.0,D,25
162.0,25.0,D,25
701.0,32.0,D,25
725.0,32.0,D,25
753.0,21.0,D,25
201.0,25.0,D,25
566.0,21.0,D,25
307.0,24.0,D,25
570.0,21.0,D,25
646.0,12.0,B,26
370.0,32.0,D,26
13.0,24.0,B,26
741.0,21.0,D,26
168.0,25.0,D,26
751.0,21.0,D,26
12.0,24.0,B,26
744.0,25.0,D,26
110.0,21.0,D,26
206.0,24.0,B,26
116.0,25.0,D,26
346.0,32.0,D,26
19.0,25.0,D,26
537.0,24.0,D,26
165.0,25.0,D,26
260.0,19.0,D,26
697.0,32.0,E,26
75.0,19.0,E,26
540.0,25.0,D,26
462.0,25.0,D,26
352.0,32.0,D,26
416.0,21.0,B,26
429.0,25.0,D,26
624.0,24.0,E,26
538.0,25.0,D,27
503.0,25.0,D,27
290.0,32.0,D,27
271.0,21.0,D,27
702.0,32.0,D,27
268.0,24.0,D,27
649.0,12.0,B,27
520.0,19.0,D,27
25.0,32.0,B,27
87.0,19.0,D,27
544.0,24.0,D,27
731.0,21.0,D,27
598.0,24.0,D,27
599.0,32.0,D,27
10.0,24.0,B,27
582.0,32.0,D,27
101.0,19.0,D,27
634.0,24.0,E,27
596.0,32.0,D,27
658.0,12.0,E,27
658.0,19.0,E,27
208.0,24.0,B,27
561.0,32.0,D,28
506.0,28.0,B,28
106.0,19.0,D,28
437.0,25.0,D,28
345.0,25.0,B,28
241.0,24.0,D,28
659.0,24.0,E,28
204.0,25.0,D,28
328.0,24.0,D,28
27.0,24.0,B,28
489.0,28.0,B,28
454.0,25.0,D,28
463.0,24.0,D,28
457.0,25.0,D,28
187.0,24.0,B,28
162.0,19.0,D,28
375.0,24.0,D,28
235.0,25.0,B,28
403.0,32.0,D,29
418.0,21.0,B,29
376.0,32.0,D,29
221.0,24.0,D,29
503.0,28.0,B,29
411.0,32.0,D,29
312.0,25.0,B,29
761.0,24.0,D,29
226.0,25.0,B,29
527.0,25.0,D,29
442.0,25.0,D,29
241.0,32.0,D,29
214.0,24.0,B,29
562.0,21.0,D,29
391.0,32.0,D,29
588.0,21.0,D,29
414.0,19.0,D,29
149.0,32.0,B,29
432.0,24.0,D,29
432.0,32.0,D,29
582.0,24.0,D,29
367.0,25.0,D,29
396.0,25.0,D,29
380.0,32.0,D,30
121.0,24.0,B,30
663.0,12.0,E,30
610.0,19.0,B,30
34.0,21.0,D,30
144.0,19.0,D,30
409.0,25.0,D,30
72.0,24.0,E,30
573.0,12.0,B,30
379.0,24.0,D,30
685.0,24.0,E,30
193.0,25.0,D,30
107.0,19.0,D,30
116.0,19.0,D,30
560.0,21.0,D,30
397.0,42.0,B,30
491.0,28.0,B,30
644.0,32.0,E,30
551.0,21.0,D,30
137.0,25.0,D,30
451.0,21.0,B,30
488.0,25.0,D,30
305.0,21.0,D,31
554.0,25.0,D,31
441.0,25.0,D,31
58.0,32.0,E,31
551.0,32.0,D,31
443.0,25.0,D,31
410.0,25.0,D,31
96.0,20.0,B,31
122.0,24.0,B,31
81.0,24.0,E,31
730.0,21.0,D,31
757.0,24.0,D,32
411.0,24.0,D,32
73.0,24.0,E,32
402.0,42.0,B,32
733.0,21.0,D,32
756.0,32.0,D,32
343.0,24.0,D,32
286.0,21.0,D,32
128.0,25.0,D,32
105.0,21.0,D,32
111.0,25.0,D,32
750.0,21.0,D,32
167.0,19.0,D,32
356.0,32.0,D,32
108.0,21.0,D,32
163.0,19.0,D,32
588.0,32.0,D,32
31.0,21.0,D,32
519.0,28.0,B,32
138.0,24.0,B,32
376.0,24.0,D,32
552.0,32.0,D,32
724.0,21.0,D,33
693.0,24.0,E,33
366.0,25.0,D,33
141.0,24.0,B,33
570.0,32.0,D,33
323.0,19.0,D,33
89.0,25.0,D,33
755.0,24.0,D,33
128.0,19.0,D,33
561.0,24.0,D,33
338.0,25.0,B,33
193.0,24.0,B,33
621.0,25.0,E,33
161.0,19.0,D,33
340.0,25.0,B,33
158.0,24.0,B,33
254.0,19.0,D,33
141.0,32.0,B,34
404.0,42.0,B,34
199.0,32.0,B,34
311.0,24.0,D,34
343.0,32.0,D,34
737.0,25.0,D,34
431.0,21.0,B,34
599.0,21.0,D,34
676.0,12.0,B,34
131.0,32.0,B,34
708.0,32.0,D,34
379.0,32.0,D,35
569.0,21.0,D,35
642.0,24.0,E,35
174.0,25.0,D,35
168.0,21.0,D,35
289.0,24.0,D,35
433.0,21.0,B,35
675.0,24.0,E,35
602.0,19.0,B,35
377.0,24.0,D,35
66.0,24.0,B,35
222.0,25.0,B,35
469.0,32.0,C,35
727.0,24.0,D,35
535.0,24.0,D,35
352.0,24.0,D,35
412.0,21.0,B,35
705.0,24.0,D,35
711.0,21.0,D,35
31.0,25.0,D,35
140.0,32.0,B,36
333.0,32.0,D,36
121.0,32.0,B,36
54.0,19.0,D,36
26.0,21.0,D,36
533.0,25.0,E,36
112.0,19.0,D,36
375.0,32.0,D,36
136.0,32.0,B,36
500.0,21.0,B,36
604.0,19.0,B,36
284.0,32.0,D,36
387.0,25.0,D,36
735.0,32.0,D,36
656.0,12.0,E,36
14.0,24.0,B,37
24.0,24.0,B,37
200.0,32.0,B,37
244.0,21.0,D,37
498.0,25.0,D,37
197.0,32.0,B,37
26.0,19.0,D,37
273.0,21.0,D,37
633.0,24.0,E,37
96.0,21.0,D,37
752.0,32.0,D,37
465.0,21.0,B,37
372.0,25.0,D,37
744.0,21.0,D,37
286.0,32.0,D,37
383.0,24.0,D,37
143.0,24.0,B,37
318.0,32.0,D,37
469.0,24.0,D,37
310.0,19.0,D,37
242.0,25.0,B,37
351.0,25.0,D,38
301.0,21.0,D,38
714.0,24.0,D,38
656.0,19.0,E,38
286.0,24.0,D,38
560.0,32.0,D,38
476.0,28.0,B,38
177.0,32.0,B,38
703.0,32.0,D,38
422.0,21.0,B,38
530.0,21.0,E,38
618.0,19.0,B,38
134.0,24.0,D,38
88.0,25.0,D,38
372.0,32.0,D,39
289.0,32.0,D,39
311.0,32.0,D,39
754.0,24.0,D,39
64.0,24.0,B,39
50.0,24.0,B,39
118.0,19.0,D,39
620.0,32.0,E,39
688.0,12.0,B,39
614.0,19.0,B,39
265.0,32.0,D,40
552.0,24.0,D,40
307.0,32.0,D,40
120.0,32.0,B,40
218.0,32.0,B,40
419.0,21.0,B,40
212.0,16.0,B,40
545.0,21.0,D,40
123.0,25.0,D,40
735.0,24.0,D,40
558.0,21.0,D,40
140.0,32.0,B,40
375.0,25.0,D,40
331.0,32.0,D,40
260.0,32.0,D,40
693.0,21.0,E,40
558.0,32.0,D,41
467.0,21.0,D,41
284.0,24.0,D,41
188.0,32.0,B,41
325.0,32.0,D,41
174.0,20.0,B,41
300.0,21.0,D,41
166.0,19.0,D,41
532.0,25.0,E,41
4.0,32.0,B,42
314.0,24.0,D,42
548.0,25.0,D,42
109.0,19.0,D,42
181.0,24.0,B,42
724.0,32.0,D,42
371.0,21.0,D,42
361.0,32.0,D,42
139.0,21.0,D,42
569.0,32.0,D,42
202.0,32.0,B,42
388.0,21.0,B,43
86.0,32.0,A,43
465.0,28.0,A,43
22.0,24.0,B,43
336.0,25.0,D,43
706.0,24.0,D,43
17.0,25.0,D,43
742.0,32.0,D,43
468.0,25.0,C,43
355.0,32.0,D,43
378.0,25.0,D,43
43.0,24.0,D,43
391.0,25.0,D,43
175.0,25.0,D,43
86.0,19.0,D,44
195.0,24.0,B,44
387.0,21.0,B,44
562.0,32.0,D,44
345.0,32.0,D,44
31.0,19.0,D,44
625.0,19.0,E,44
175.0,19.0,D,44
122.0,32.0,B,44
627.0,19.0,E,44
758.0,24.0,D,45
359.0,32.0,D,45
734.0,24.0,D,45
263.0,32.0,D,45
566.0,32.0,D,45
297.0,19.0,D,45
219.0,24.0,D,45
415.0,32.0,D,45
228.0,24.0,D,45
582.0,21.0,D,45
331.0,25.0,D,45
487.0,28.0,B,45
675.0,19.0,E,45
54.0,25.0,D,45
708.0,24.0,D,46
546.0,25.0,D,46
380.0,25.0,D,46
418.0,42.0,B,46
653.0,19.0,E,46
700.0,24.0,D,46
406.0,25.0,D,46
554.0,21.0,D,46
68.0,19.0,E,47
514.0,25.0,D,47
340.0,24.0,D,47
363.0,25.0,D,47
139.0,25.0,D,47
374.0,24.0,D,47
751.0,32.0,D,47
294.0,21.0,D,47
178.0,25.0,D,47
315.0,32.0,D,47
198.0,16.0,B,47
698.0,19.0,E,47
734.0,32.0,D,47
651.0,12.0,E,48
574.0,19.0,E,48
203.0,32.0,B,48
134.0,32.0,B,48
551.0,24.0,D,48
43.0,32.0,B,48
207.0,16.0,B,48
268.0,21.0,D,48
673.0,19.0,E,48
359.0,25.0,B,48
335.0,32.0,D,48
611.0,47.0,B,49
194.0,32.0,B,49
185.0,32.0,B,49
760.0,24.0,D,49
711.0,32.0,D,49
744.0,32.0,D,49
335.0,25.0,B,49
731.0,32.0,D,49
362.0,19.0,B,49
358.0,24.0,D,50
61.0,24.0,B,50
397.0,25.0,D,50
46.0,24.0,B,50
166.0,32.0,B,50
614.0,47.0,B,50
69.0,24.0,E,50
108.0,25.0,D,50
584.0,25.0,D,51
304.0,24.0,D,51
353.0,19.0,D,51
102.0,32.0,B,51
339.0,25.0,D,51
401.0,25.0,D,51
361.0,24.0,D,51
390.0,25.0,D,51
759.0,24.0,D,51
652.0,19.0,E,51
567.0,24.0,D,51
201.0,24.0,B,52
608.0,19.0,B,52
414.0,25.0,D,52
139.0,19.0,D,52
336.0,32.0,D,52
515.0,28.0,B,52
415.0,24.0,D,52
119.0,32.0,B,52
129.0,32.0,B,52
165.0,19.0,D,52
35.0,32.0,B,52
750.0,32.0,D,52
327.0,32.0,D,52
265.0,21.0,D,52
562.0,24.0,D,53
103.0,24.0,B,53
363.0,19.0,B,53
172.0,32.0,B,53
272.0,21.0,D,53
164.0,32.0,B,53
186.0,32.0,B,53
498.0,28.0,B,54
19.0,24.0,B,54
725.0,24.0,D,54
458.0,21.0,B,54
318.0,25.0,B,54
157.0,24.0,B,54
494.0,25.0,D,54
520.0,24.0,D,54
328.0,32.0,D,55
723.0,24.0,D,55
67.0,24.0,B,55
105.0,25.0,D,55
221.0,32.0,D,56
35.0,24.0,B,56
16.0,24.0,B,56
338.0,24.0,D,56
411.0,25.0,D,57
487.0,21.0,B,57
701.0,24.0,D,57
621.0,21.0,E,57
15.0,24.0,B,57
76.0,19.0,E,57
351.0,32.0,D,57
114.0,32.0,B,57
367.0,19.0,B,58
523.0,21.0,B,58
36.0,24.0,B,58
319.0,32.0,D,58
149.0,24.0,B,58
357.0,32.0,D,58
324.0,32.0,D,58
183.0,32.0,B,59
230.0,24.0,D,59
190.0,32.0,B,59
173.0,19.0,D,59
338.0,32.0,D,59
349.0,32.0,D,59
382.0,21.0,B,60
350.0,32.0,D,60
482.0,28.0,B,60
535.0,25.0,D,60
21.0,24.0,B,60
228.0,32.0,D,60
260.0,24.0,D,61
20.0,24.0,B,61
588.0,24.0,D,61
276.0,21.0,D,61
756.0,24.0,D,61
96.0,25.0,D,61
274.0,25.0,B,61
565.0,24.0,D,62
7.0,24.0,B,62
18.0,24.0,B,62
339.0,32.0,D,62
216.0,32.0,B,62
374.0,32.0,D,62
383.0,25.0,C,63
721.0,19.0,B,63
323.0,21.0,D,63
95.0,20.0,B,63
317.0,25.0,B,63
341.0,25.0,B,63
204.0,32.0,B,63
333.0,25.0,B,63
334.0,25.0,B,64
41.0,24.0,B,64
71.0,32.0,E,64
151.0,32.0,B,64
543.0,19.0,B,64
324.0,25.0,D,64
198.0,32.0,B,64
749.0,32.0,D,65
618.0,47.0,B,65
733.0,24.0,D,65
317.0,32.0,D,66
731.0,24.0,D,66
601.0,19.0,B,66
702.0,24.0,D,67
566.0,24.0,D,67
620.0,24.0,E,67
119.0,24.0,D,67
219.0,32.0,D,68
332.0,32.0,D,69
623.0,19.0,E,69
422.0,19.0,D,69
28.0,32.0,B,69
753.0,24.0,D,70
707.0,19.0,D,70
175.0,20.0,B,70
415.0,25.0,D,70
660.0,19.0,E,71
349.0,25.0,D,71
345.0,24.0,D,71
621.0,32.0,E,72
575.0,19.0,E,72
520.0,32.0,D,73
665.0,19.0,E,73
86.0,25.0,C,73
641.0,19.0,E,73
179.0,32.0,B,73
51.0,32.0,B,73
552.0,19.0,B,73
344.0,32.0,D,74
289.0,21.0,D,74
464.0,19.0,D,74
740.0,19.0,B,74
266.0,25.0,B,74
703.0,24.0,D,74
63.0,24.0,B,75
263.0,21.0,D,75
11.0,24.0,B,75
586.0,19.0,B,75
747.0,24.0,D,75
577.0,25.0,D,76
469.0,25.0,C,76
217.0,32.0,B,76
297.0,25.0,B,76
450.0,21.0,B,76
376.0,25.0,D,76
297.0,32.0,D,77
730.0,32.0,D,77
210.0,32.0,B,77
628.0,19.0,E,77
182.0,24.0,B,77
560.0,24.0,D,78
234.0,32.0,D,78
120.0,24.0,B,78
143.0,32.0,B,78
485.0,21.0,B,78
335.0,24.0,D,78
378.0,19.0,B,78
745.0,24.0,D,78
558.0,24.0,D,78
733.0,32.0,D,78
550.0,19.0,B,79
184.0,19.0,D,79
356.0,25.0,D,79
95.0,32.0,B,79
251.0,25.0,A,79
370.0,25.0,D,79
372.0,21.0,D,79
394.0,42.0,B,80
164.0,24.0,B,80
570.0,24.0,D,80
329.0,32.0,D,81
752.0,24.0,D,81
388.0,25.0,D,81
737.0,21.0,D,81
357.0,25.0,D,81
199.0,16.0,B,81
652.0,12.0,B,82
548.0,21.0,D,82
57.0,24.0,B,82
363.0,32.0,D,82
195.0,32.0,B,83
448.0,25.0,D,83
341.0,32.0,D,83
350.0,25.0,D,83
82.0,32.0,E,84
104.0,32.0,B,84
461.0,21.0,B,84
211.0,32.0,D,84
184.0,21.0,D,84
313.0,32.0,D,84
331.0,24.0,D,84
355.0,24.0,D,84
743.0,32.0,D,85
325.0,25.0,B,85
722.0,24.0,D,85
619.0,19.0,E,85
466.0,21.0,B,85
749.0,24.0,D,85
244.0,24.0,D,85
172.0,24.0,B,85
408.0,42.0,B,86
480.0,21.0,B,86
721.0,32.0,D,87
148.0,32.0,B,87
479.0,21.0,B,87
377.0,25.0,D,87
739.0,19.0,B,88
699.0,25.0,D,88
665.0,12.0,B,88
169.0,19.0,D,89
400.0,21.0,B,89
95.0,24.0,B,90
339.0,24.0,D,90
314.0,32.0,D,90
604.0,47.0,B,90
100.0,32.0,B,92
131.0,24.0,B,92
403.0,25.0,D,93
106.0,32.0,B,93
746.0,19.0,B,93
697.0,19.0,E,93
24.0,32.0,B,93
17.0,24.0,B,94
432.0,25.0,D,94
366.0,19.0,B,94
154.0,24.0,B,94
336.0,24.0,D,94
722.0,19.0,B,95
410.0,21.0,B,95
318.0,24.0,D,95
581.0,19.0,B,95
167.0,32.0,B,95
359.0,24.0,D,95
546.0,21.0,D,95
685.0,19.0,E,95
334.0,32.0,D,95
195.0,16.0,B,95
277.0,25.0,B,96
96.0,19.0,D,96
105.0,19.0,D,97
653.0,12.0,B,97
384.0,21.0,D,97
2.0,21.0,D,97
284.0,21.0,D,97
627.0,12.0,E,98
282.0,25.0,B,98
317.0,24.0,D,98
575.0,12.0,B,99
12.0,32.0,B,99
711.0,24.0,D,99
144.0,24.0,B,99
111.0,20.0,B,100
80.0,32.0,E,100
120.0,19.0,D,100
254.0,32.0,C,100
554.0,24.0,D,101
435.0,21.0,B,101
168.0,19.0,D,102
260.0,21.0,D,102
39.0,32.0,B,102
189.0,32.0,B,103
386.0,21.0,D,103
124.0,32.0,B,104
109.0,32.0,B,104
177.0,24.0,B,104
379.0,25.0,D,105
742.0,24.0,D,105
536.0,21.0,B,106
600.0,47.0,B,106
161.0,32.0,D,106
640.0,19.0,E,106
488.0,28.0,B,106
117.0,32.0,B,107
625.0,12.0,B,107
602.0,47.0,B,107
154.0,32.0,B,108
381.0,19.0,D,108
730.0,24.0,D,109
310.0,21.0,D,109
569.0,24.0,D,109
605.0,19.0,B,109
254.0,24.0,C,109
584.0,24.0,D,110
130.0,32.0,B,110
341.0,24.0,D,110
90.0,32.0,B,110
160.0,24.0,B,110
741.0,24.0,D,110
196.0,16.0,B,110
309.0,25.0,B,110
106.0,24.0,B,111
113.0,19.0,D,111
73.0,32.0,E,111
582.0,24.0,D,111
399.0,21.0,B,112
327.0,25.0,B,112
257.0,25.0,B,112
511.0,28.0,B,112
409.0,21.0,B,112
351.0,24.0,D,112
554.0,32.0,D,112
116.0,32.0,B,113
253.0,19.0,D,113
626.0,19.0,E,114
258.0,25.0,B,115
696.0,19.0,E,115
354.0,25.0,B,115
156.0,24.0,B,116
151.0,24.0,B,116
724.0,24.0,D,117
545.0,24.0,C,117
571.0,12.0,B,118
721.0,24.0,D,118
93.0,32.0,B,118
97.0,32.0,B,119
529.0,21.0,E,119
577.0,21.0,D,120
107.0,32.0,B,120
630.0,19.0,E,120
608.0,47.0,B,120
415.0,19.0,D,121
494.0,28.0,B,121
434.0,21.0,B,121
34.0,24.0,B,122
102.0,24.0,B,122
732.0,19.0,B,123
350.0,24.0,D,124
2.0,25.0,C,124
200.0,16.0,B,124
320.0,32.0,D,125
269.0,25.0,B,125
114.0,24.0,B,125
136.0,24.0,B,125
108.0,19.0,D,125
205.0,32.0,B,125
205.0,16.0,B,125
54.0,24.0,B,125
613.0,19.0,B,126
380.0,19.0,B,126
353.0,25.0,D,126
357.0,24.0,D,126
513.0,21.0,B,127
644.0,19.0,E,127
728.0,19.0,B,127
364.0,24.0,D,127
534.0,21.0,D,128
361.0,25.0,D,129
227.0,25.0,B,129
296.0,25.0,B,129
375.0,19.0,B,130
206.0,32.0,B,130
524.0,21.0,B,130
320.0,25.0,B,131
169.0,32.0,B,131
489.0,21.0,B,131
132.0,32.0,B,132
695.0,12.0,E,132
347.0,32.0,D,132
26.0,24.0,B,132
610.0,47.0,B,132
334.0,24.0,D,132
171.0,19.0,D,133
751.0,24.0,D,133
718.0,19.0,B,134
293.0,25.0,B,134
343.0,25.0,B,135
584.0,32.0,D,135
49.0,32.0,B,136
99.0,32.0,B,136
157.0,32.0,B,137
29.0,32.0,B,137
635.0,19.0,E,138
129.0,24.0,B,138
47.0,32.0,B,138
584.0,21.0,D,140
244.0,32.0,D,140
202.0,16.0,B,141
233.0,25.0,B,141
629.0,19.0,E,141
698.0,12.0,B,142
160.0,32.0,B,142
631.0,19.0,E,142
31.0,24.0,B,143
91.0,32.0,B,143
230.0,32.0,D,143
330.0,25.0,D,144
86.0,24.0,A,144
590.0,19.0,B,144
166.0,24.0,B,144
477.0,21.0,B,144
615.0,19.0,B,145
176.0,32.0,B,145
374.0,25.0,D,145
180.0,32.0,B,146
548.0,32.0,D,147
609.0,19.0,B,147
84.0,21.0,D,148
236.0,25.0,B,148
748.0,32.0,D,148
750.0,24.0,D,149
163.0,32.0,B,149
370.0,21.0,D,149
354.0,32.0,D,150
115.0,21.0,D,150
402.0,21.0,B,151
197.0,16.0,B,151
353.0,32.0,D,152
208.0,32.0,B,152
173.0,32.0,B,153
171.0,32.0,B,153
238.0,25.0,B,154
587.0,19.0,D,154
162.0,32.0,B,154
121.0,20.0,B,154
603.0,19.0,B,155
738.0,19.0,B,155
247.0,25.0,B,155
113.0,32.0,B,157
638.0,19.0,E,157
330.0,32.0,D,158
173.0,24.0,B,158
52.0,32.0,B,158
48.0,32.0,B,158
78.0,24.0,E,158
464.0,25.0,C,159
699.0,21.0,D,160
2.0,24.0,A,160
78.0,32.0,E,160
248.0,25.0,B,161
616.0,19.0,D,161
328.0,25.0,B,161
117.0,24.0,B,161
696.0,12.0,B,161
695.0,19.0,E,161
349.0,24.0,D,162
391.0,21.0,B,163
165.0,32.0,B,163
324.0,24.0,D,163
55.0,32.0,B,163
298.0,25.0,B,164
364.0,32.0,D,165
101.0,24.0,B,165
203.0,16.0,B,165
170.0,19.0,D,166
90.0,24.0,B,166
490.0,21.0,B,166
607.0,19.0,B,166
214.0,32.0,B,166
98.0,32.0,B,167
234.0,25.0,B,167
329.0,25.0,B,168
660.0,12.0,B,168
256.0,25.0,B,168
30.0,32.0,B,169
287.0,25.0,B,170
634.0,19.0,E,170
45.0,32.0,B,170
188.0,16.0,B,170
737.0,32.0,D,170
430.0,21.0,B,170
64.0,32.0,B,172
153.0,32.0,B,173
100.0,24.0,B,173
717.0,19.0,B,173
622.0,19.0,E,175
116.0,24.0,B,175
332.0,25.0,B,176
218.0,16.0,B,176
311.0,25.0,B,177
184.0,25.0,D,177
316.0,25.0,B,178
520.0,25.0,D,178
65.0,24.0,B,178
586.0,47.0,B,178
209.0,32.0,B,178
376.0,19.0,B,178
26.0,32.0,B,179
737.0,24.0,D,179
548.0,24.0,D,179
617.0,19.0,B,179
239.0,25.0,B,179
59.0,32.0,B,180
5.0,32.0,B,180
112.0,32.0,B,182
571.0,19.0,E,183
495.0,21.0,B,183
585.0,47.0,B,183
453.0,21.0,B,184
456.0,21.0,B,185
333.0,24.0,D,186
641.0,12.0,B,186
148.0,24.0,B,186
675.0,12.0,B,188
612.0,19.0,B,188
92.0,32.0,B,189
33.0,32.0,B,189
315.0,25.0,B,189
19.0,32.0,B,189
118.0,32.0,B,189
601.0,47.0,B,189
185.0,16.0,B,190
475.0,21.0,B,190
303.0,25.0,B,190
127.0,32.0,B,192
744.0,24.0,D,192
224.0,25.0,B,193
659.0,19.0,E,194
68.0,24.0,E,194
546.0,32.0,D,194
170.0,32.0,B,195
21.0,32.0,B,198
512.0,21.0,B,200
23.0,32.0,B,200
187.0,32.0,B,202
85.0,21.0,D,202
319.0,25.0,B,202
90.0,20.0,B,203
585.0,19.0,B,204
743.0,24.0,D,204
111.0,19.0,D,204
521.0,21.0,B,205
2.0,19.0,D,205
621.0,24.0,E,205
667.0,19.0,E,206
254.0,21.0,D,206
250.0,25.0,B,206
179.0,24.0,B,206
597.0,19.0,B,207
449.0,21.0,B,209
546.0,24.0,D,209
427.0,21.0,B,209
89.0,32.0,B,209
383.0,42.0,B,209
123.0,32.0,B,210
582.0,19.0,B,210
589.0,19.0,B,211
480.0,28.0,B,211
110.0,32.0,B,212
598.0,19.0,B,213
577.0,24.0,D,214
267.0,19.0,D,214
355.0,25.0,D,214
3.0,21.0,D,215
18.0,32.0,B,215
460.0,21.0,D,217
576.0,19.0,B,217
216.0,16.0,B,218
193.0,32.0,B,219
253.0,32.0,C,219
624.0,19.0,E,220
424.0,21.0,B,222
406.0,21.0,B,222
253.0,24.0,C,224
169.0,24.0,B,224
143.0,32.0,B,224
720.0,19.0,B,225
186.0,16.0,B,226
288.0,25.0,B,226
94.0,32.0,B,227
344.0,25.0,B,227
699.0,32.0,D,227
320.0,24.0,D,227
354.0,24.0,D,228
125.0,32.0,B,229
461.0,25.0,D,229
706.0,19.0,B,230
736.0,19.0,B,231
386.0,25.0,D,231
115.0,25.0,D,231
103.0,20.0,B,232
705.0,19.0,B,234
633.0,19.0,E,234
84.0,25.0,C,234
158.0,32.0,D,234
733.0,19.0,B,235
411.0,21.0,B,235
396.0,21.0,B,235
40.0,32.0,B,236
101.0,32.0,B,236
111.0,32.0,B,236
637.0,19.0,E,237
519.0,21.0,B,237
631.0,12.0,B,237
748.0,24.0,D,238
213.0,32.0,B,238
194.0,16.0,B,240
232.0,25.0,B,243
152.0,32.0,B,243
390.0,21.0,B,246
107.0,24.0,B,247
20.0,32.0,B,249
184.0,24.0,B,250
190.0,16.0,B,251
104.0,24.0,B,252
377.0,19.0,B,253
6.0,32.0,B,257
201.0,32.0,B,257
422.0,42.0,B,258
67.0,32.0,B,260
539.0,21.0,B,261
447.0,21.0,B,262
630.0,12.0,B,262
425.0,21.0,B,262
137.0,32.0,B,264
17.0,32.0,B,265
229.0,19.0,D,266
710.0,19.0,B,266
124.0,24.0,B,267
605.0,47.0,B,268
109.0,24.0,B,268
685.0,12.0,B,268
62.0,32.0,B,269
9.0,32.0,B,269
2.0,32.0,B,269
457.0,21.0,B,270
54.0,32.0,B,271
628.0,12.0,B,271
379.0,19.0,B,271
313.0,25.0,B,273
381.0,25.0,C,274
347.0,25.0,D,276
428.0,21.0,B,276
221.0,25.0,D,277
38.0,32.0,B,278
13.0,32.0,B,280
577.0,32.0,D,282
640.0,12.0,B,282
97.0,24.0,B,283
27.0,32.0,B,283
396.0,42.0,B,283
161.0,24.0,B,284
642.0,19.0,E,286
122.0,20.0,B,286
761.0,19.0,B,286
361.0,19.0,B,286
229.0,21.0,D,288
162.0,24.0,B,290
10.0,32.0,B,291
124.0,20.0,B,292
93.0,24.0,B,292
76.0,32.0,E,292
150.0,32.0,B,293
292.0,25.0,B,295
590.0,47.0,B,295
623.0,12.0,B,298
386.0,42.0,B,299
727.0,19.0,B,299
462.0,21.0,B,299
231.0,25.0,B,299
212.0,32.0,B,299
72.0,32.0,E,300
81.0,32.0,E,300
270.0,25.0,B,301
659.0,12.0,B,301
697.0,12.0,B,301
616.0,47.0,B,302
204.0,16.0,B,304
591.0,19.0,B,305
542.0,25.0,C,306
251.0,19.0,D,308
171.0,24.0,B,308
99.0,24.0,B,308
615.0,47.0,B,309
594.0,19.0,B,309
75.0,24.0,E,310
468.0,28.0,B,311
419.0,42.0,B,312
332.0,24.0,D,314
211.0,16.0,D,315
330.0,24.0,D,315
84.0,32.0,B,316
135.0,32.0,B,317
299.0,25.0,B,318
635.0,12.0,B,322
404.0,21.0,B,323
132.0,24.0,B,323
88.0,32.0,B,323
445.0,21.0,B,326
63.0,32.0,B,327
196.0,32.0,B,327
110.0,19.0,D,332
180.0,24.0,B,334
468.0,21.0,B,335
537.0,21.0,E,336
113.0,24.0,B,337
719.0,19.0,B,339
217.0,16.0,B,339
491.0,21.0,B,339
709.0,19.0,B,339
87.0,32.0,B,340
245.0,25.0,B,343
168.0,32.0,B,344
353.0,24.0,D,344
337.0,25.0,D,346
138.0,32.0,B,346
163.0,24.0,B,346
503.0,21.0,B,347
167.0,24.0,B,349
50.0,32.0,B,349
176.0,24.0,B,349
515.0,21.0,B,350
123.0,19.0,D,350
463.0,21.0,B,356
626.0,12.0,B,360
540.0,21.0,E,360
281.0,25.0,A,360
735.0,19.0,B,361
181.0,32.0,B,361
302.0,25.0,B,363
304.0,25.0,D,363
112.0,24.0,B,364
91.0,24.0,B,364
14.0,32.0,B,365
511.0,21.0,B,366
436.0,21.0,B,367
729.0,19.0,B,369
153.0,24.0,B,370
464.0,32.0,C,372
538.0,21.0,B,372
383.0,21.0,B,374
108.0,32.0,B,375
609.0,47.0,B,376
3.0,24.0,B,376
139.0,24.0,B,376
130.0,24.0,B,377
69.0,32.0,E,377
599.0,19.0,B,378
638.0,12.0,B,380
209.0,16.0,B,383
622.0,12.0,B,384
443.0,21.0,B,388
589.0,47.0,B,389
170.0,24.0,B,391
439.0,21.0,B,392
127.0,24.0,B,396
444.0,21.0,B,398
613.0,47.0,B,400
477.0,28.0,B,400
100.0,20.0,B,401
92.0,24.0,B,402
85.0,25.0,C,406
712.0,19.0,B,406
597.0,47.0,B,408
119.0,20.0,B,408
759.0,19.0,B,409
178.0,32.0,B,410
285.0,25.0,B,411
3.0,19.0,D,411
157.0,32.0,B,411
596.0,19.0,B,412
22.0,32.0,B,416
464.0,28.0,A,417
700.0,19.0,B,417
644.0,12.0,B,418
84.0,19.0,D,419
693.0,19.0,E,419
715.0,19.0,B,420
388.0,42.0,B,421
314.0,25.0,B,422
337.0,32.0,D,423
174.0,32.0,B,424
182.0,16.0,B,424
251.0,21.0,D,424
98.0,24.0,B,426
219.0,25.0,D,428
482.0,21.0,B,429
476.0,21.0,B,431
531.0,21.0,E,433
603.0,47.0,B,434
607.0,47.0,B,439
347.0,24.0,D,440
374.0,19.0,B,440
206.0,16.0,B,440
172.0,20.0,B,441
110.0,24.0,B,447
15.0,32.0,B,447
584.0,47.0,B,449
594.0,47.0,B,450
441.0,21.0,B,451
464.0,24.0,C,453
620.0,19.0,E,454
723.0,19.0,B,455
564.0,19.0,B,457
294.0,25.0,B,458
189.0,16.0,B,458
128.0,32.0,B,459
617.0,47.0,B,459
757.0,19.0,B,462
440.0,21.0,B,465
46.0,32.0,B,465
105.0,32.0,B,466
612.0,47.0,B,468
271.0,25.0,B,469
115.0,19.0,D,469
16.0,32.0,B,478
123.0,24.0,B,480
713.0,19.0,B,482
111.0,24.0,B,484
587.0,47.0,B,487
337.0,24.0,D,487
305.0,25.0,B,488
151.0,20.0,B,491
381.0,42.0,B,494
323.0,24.0,D,495
629.0,12.0,B,496
241.0,25.0,B,497
300.0,25.0,B,499
567.0,19.0,B,500
551.0,19.0,B,503
726.0,19.0,B,507
755.0,19.0,B,507
75.0,32.0,E,507
743.0,19.0,B,508
634.0,12.0,B,511
85.0,19.0,D,514
637.0,12.0,B,516
214.0,16.0,B,519
387.0,42.0,B,519
725.0,19.0,B,520
11.0,32.0,B,521
714.0,19.0,B,522
118.0,24.0,B,522
275.0,25.0,B,523
429.0,21.0,B,526
754.0,19.0,B,526
66.0,32.0,B,527
114.0,20.0,B,528
323.0,32.0,D,528
588.0,47.0,B,530
105.0,24.0,B,533
253.0,21.0,D,533
454.0,21.0,B,533
415.0,21.0,B,536
31.0,32.0,B,537
3.0,25.0,C,539
702.0,19.0,B,540
267.0,21.0,D,541
307.0,25.0,B,541
94.0,24.0,B,545
263.0,25.0,B,545
591.0,47.0,B,548
699.0,24.0,D,552
7.0,32.0,B,553
498.0,21.0,B,555
527.0,21.0,B,560
61.0,32.0,B,561
165.0,24.0,B,563
152.0,24.0,B,566
423.0,19.0,D,567
701.0,19.0,B,568
168.0,24.0,B,570
437.0,21.0,B,571
290.0,25.0,B,572
624.0,12.0,B,574
108.0,24.0,B,579
760.0,19.0,B,581
596.0,47.0,B,585
745.0,19.0,B,588
120.0,20.0,B,591
96.0,32.0,B,596
442.0,21.0,B,599
708.0,19.0,B,600
364.0,25.0,D,605
41.0,32.0,B,614
475.0,28.0,B,618
620.0,12.0,B,618
265.0,25.0,B,618
756.0,19.0,B,620
125.0,24.0,B,623
525.0,21.0,B,626
57.0,32.0,B,627
0.0,21.0,D,627
592.0,47.0,B,632
592.0,19.0,B,641
693.0,12.0,B,643
301.0,25.0,B,646
598.0,47.0,B,647
228.0,25.0,B,660
703.0,19.0,B,662
87.0,24.0,B,663
621.0,12.0,B,669
542.0,21.0,D,671
747.0,19.0,B,675
532.0,21.0,E,678
588.0,19.0,B,685
36.0,32.0,B,686
642.0,12.0,B,688
208.0,16.0,B,690
390.0,42.0,B,694
273.0,25.0,B,708
463.0,25.0,D,710
758.0,19.0,B,712
230.0,25.0,B,714
514.0,21.0,B,714
115.0,20.0,B,718
749.0,19.0,B,720
561.0,19.0,B,721
137.0,24.0,B,722
268.0,25.0,B,730
517.0,21.0,B,736
448.0,21.0,B,742
748.0,19.0,B,744
566.0,19.0,B,744
182.0,32.0,B,745
175.0,32.0,B,757
409.0,42.0,B,760
415.0,42.0,B,762
724.0,19.0,B,763
753.0,19.0,B,770
89.0,24.0,B,771
633.0,12.0,B,778
570.0,19.0,B,789
381.0,21.0,C,794
187.0,16.0,B,802
117.0,20.0,B,813
741.0,19.0,B,816
289.0,25.0,D,816
488.0,21.0,B,822
96.0,24.0,B,822
193.0,16.0,B,824
323.0,25.0,B,826
135.0,24.0,B,829
533.0,21.0,E,834
364.0,19.0,B,834
267.0,32.0,D,837
84.0,24.0,B,848
742.0,19.0,B,849
391.0,42.0,B,873
174.0,24.0,B,875
65.0,32.0,B,881
178.0,24.0,B,892
144.0,32.0,B,897
88.0,24.0,B,901
108.0,20.0,B,908
150.0,24.0,B,912
410.0,42.0,B,917
251.0,32.0,C,920
565.0,19.0,B,921
286.0,25.0,B,922
494.0,21.0,B,923
599.0,47.0,B,953
156.0,32.0,B,954
267.0,24.0,D,955
752.0,19.0,B,959
105.0,20.0,B,961
535.0,21.0,E,995
34.0,32.0,B,996
401.0,21.0,B,997
414.0,21.0,B,1002
276.0,25.0,B,1012
731.0,19.0,B,1024
251.0,24.0,C,1026
128.0,24.0,B,1029
469.0,21.0,B,1041
406.0,42.0,B,1046
116.0,20.0,B,1056
173.0,20.0,B,1069
168.0,20.0,B,1075
397.0,21.0,B,1076
310.0,25.0,D,1101
751.0,19.0,B,1104
310.0,32.0,D,1105
582.0,19.0,B,1116
253.0,25.0,A,1150
201.0,16.0,B,1155
175.0,24.0,B,1186
0.0,25.0,C,1201
403.0,21.0,B,1210
272.0,25.0,B,1221
699.0,19.0,B,1227
569.0,19.0,B,1232
229.0,25.0,B,1234
562.0,19.0,B,1277
621.0,19.0,E,1278
381.0,32.0,D,1311
542.0,32.0,C,1312
750.0,19.0,B,1316
711.0,19.0,B,1355
560.0,19.0,B,1381
545.0,19.0,B,1387
184.0,16.0,B,1412
558.0,19.0,B,1473
542.0,24.0,C,1477
310.0,24.0,D,1494
744.0,19.0,B,1508
554.0,19.0,B,1533
0.0,19.0,D,1572
267.0,25.0,B,1597
381.0,24.0,D,1622
244.0,25.0,B,1625
423.0,25.0,C,1640
584.0,19.0,B,1643
229.0,24.0,D,1663
284.0,25.0,B,1712
432.0,21.0,B,1727
542.0,19.0,B,1744
730.0,19.0,B,1746
548.0,19.0,B,1749
411.0,42.0,B,1774
184.0,32.0,B,1849
139.0,32.0,B,1909
260.0,25.0,B,1983
115.0,32.0,B,2007
426.0,21.0,B,2088
423.0,21.0,B,2093
254.0,25.0,B,2140
229.0,32.0,D,2165
469.0,28.0,A,2316
85.0,24.0,B,2371
423.0,32.0,C,2398
423.0,24.0,C,2415
68.0,32.0,E,2485
577.0,19.0,B,2579
115.0,24.0,B,2590
520.0,21.0,B,2855
3.0,32.0,B,3001
737.0,19.0,B,3068
464.0,21.0,B,3464
546.0,19.0,B,4400
